product_id,product_name,product_brand,product_category,product_rating,product_review_count,product_stock,product_return_rate,product_size,product_weight
921,Product A,Brand X,Clothing,4.5,196,4,0.05,Small,5.66
7035,Product D,Brand Z,Furniture,3,113,20,0.46,Small,8.42
3633,Product B,Brand Z,Groceries,3.7,443,13,0.19,Medium,5.4
5096,Product C,Brand Y,Electronics,2.5,446,98,0.25,Small,1.13
2741,Product C,Brand X,Clothing,4.5,277,74,0.39,Medium,1.24
686,Product B,Brand X,Furniture,3.1,959,45,0.35,Large,1.77
9876,Product A,Brand Z,Clothing,3.4,424,31,0.3,Small,3.64
9953,Product D,Brand Z,Furniture,4.2,620,41,0.29,Large,3.12
10058,Product E,Brand Y,Clothing,4.1,461,40,0.08,Medium,7.43
2900,Product D,Brand Y,Clothing,4.5,223,65,0.42,Medium,6.02
5850,Product C,Brand Y,Clothing,1.3,382,75,0.09,Small,3.25
9882,Product B,Brand Z,Furniture,3.8,951,41,0.46,Medium,2.25
9977,Product B,Brand Z,Groceries,4.4,199,69,0.41,Large,2.68
9908,Product C,Brand Y,Clothing,4.3,358,68,0.36,Medium,5.57
10001,Product B,Brand X,Groceries,2.1,163,66,0.43,Medium,4.94
10234,Product E,Brand X,Groceries,2.5,632,73,0.12,Medium,4.25
10265,Product B,Brand Y,Toys,4,991,93,0.21,Large,6.86
10369,Product C,Brand X,Furniture,5,205,10,0.41,Medium,4.28
6559,Product A,Brand X,Toys,4.6,748,12,0.27,Large,4.91
10192,Product A,Brand Y,Electronics,3.9,956,23,0.36,Large,4.4
10349,Product A,Brand X,Furniture,3.9,835,19,0.38,Large,3.69
616,Product D,Brand X,Electronics,3.1,67,73,0.26,Large,4.69
8215,Product B,Brand X,Electronics,1.7,694,67,0.13,Small,2.28
149,Product A,Brand Z,Clothing,2.2,773,77,0.11,Large,8.66
10301,Product C,Brand Y,Clothing,4.4,455,3,0.46,Medium,5.85
7791,Product C,Brand Z,Groceries,2.9,979,30,0.22,Small,1.81
7825,Product D,Brand Y,Clothing,1.1,293,79,0.49,Medium,3.49
9713,Product D,Brand Y,Electronics,1.8,336,45,0.03,Medium,1.82
7642,Product D,Brand Z,Clothing,1.8,926,64,0.11,Medium,7.34
5282,Product B,Brand X,Furniture,4.2,332,34,0.35,Medium,0.32
10241,Product B,Brand Z,Clothing,3.6,867,73,0.06,Small,0.31
10341,Product E,Brand X,Electronics,4.4,389,84,0.07,Small,4.95
4375,Product C,Brand Y,Clothing,1.9,937,66,0.31,Medium,3.71
6705,Product B,Brand X,Electronics,2.5,263,55,0.48,Small,7.95
9936,Product B,Brand X,Clothing,2.8,876,97,0.46,Small,6.49
9986,Product A,Brand X,Clothing,3.9,644,51,0.47,Small,1.26
10051,Product A,Brand Y,Clothing,4,15,14,0.13,Small,4.11
7345,Product D,Brand Z,Toys,4.8,697,23,0.44,Large,4.63
1597,Product C,Brand X,Groceries,4.7,413,80,0.3,Medium,0.84
10043,Product A,Brand Y,Groceries,4.5,370,52,0.16,Small,6.87
10255,Product B,Brand Y,Electronics,3.8,709,13,0.47,Large,1.08
2761,Product A,Brand Y,Furniture,4.5,960,64,0.41,Large,8.51
3188,Product C,Brand X,Toys,1.6,490,78,0.46,Medium,2.43
10096,Product E,Brand Y,Electronics,3.3,969,87,0.09,Medium,4.58
9742,Product B,Brand X,Clothing,2.9,924,20,0.34,Large,6.31
7883,Product B,Brand X,Clothing,1.5,330,20,0.16,Medium,4.91
9943,Product A,Brand Y,Clothing,1.9,693,92,0.12,Medium,7.65
5859,Product B,Brand Z,Furniture,1.7,837,40,0.28,Large,8.61
2875,Product A,Brand Z,Furniture,2.4,288,98,0.43,Large,2.47
9579,Product C,Brand X,Groceries,1.6,187,29,0.45,Medium,0.35
10047,Product A,Brand X,Groceries,4.7,208,84,0.09,Large,5.15
5266,Product B,Brand Y,Toys,3.1,705,79,0.03,Large,2.22
597,Product B,Brand X,Groceries,4,553,80,0.47,Medium,1.12
9973,Product A,Brand X,Toys,2.2,639,15,0.01,Large,5.3
9993,Product C,Brand Z,Furniture,2.8,82,43,0.49,Medium,4.65
6928,Product D,Brand X,Furniture,3.9,562,36,0.02,Small,5.95
2436,Product A,Brand X,Electronics,3.9,16,60,0.19,Large,4.95
2839,Product A,Brand Z,Toys,1.4,187,89,0.21,Large,9.33
9987,Product E,Brand Y,Toys,3.9,666,27,0.07,Medium,1.18
9992,Product D,Brand X,Toys,3.4,874,96,0.04,Small,7.68
8947,Product B,Brand Y,Groceries,3.4,751,32,0.08,Large,0.35
6597,Product C,Brand Y,Furniture,2.1,84,60,0.03,Medium,3.93
10077,Product C,Brand X,Electronics,1.2,965,10,0.45,Large,0.55
10216,Product C,Brand Y,Toys,4.8,477,91,0.03,Medium,0.58
10274,Product B,Brand Z,Groceries,1.9,840,51,0.31,Medium,4.38
5150,Product C,Brand Z,Clothing,2.3,969,25,0.09,Small,7.27
9553,Product B,Brand X,Toys,2.2,404,42,0.49,Large,6.2
10100,Product C,Brand Z,Clothing,4.2,27,88,0.42,Medium,0.36
9949,Product E,Brand Z,Furniture,3.2,849,83,0.45,Small,2.11
10309,Product D,Brand Z,Toys,2.4,681,4,0.32,Medium,7.51
5285,Product A,Brand Y,Clothing,2.1,714,1,0.2,Large,4.61
3914,Product A,Brand X,Clothing,4.2,185,15,0.16,Large,3.86
10205,Product E,Brand Z,Toys,1.9,939,48,0.36,Small,1.84
8968,Product B,Brand X,Furniture,3.3,796,12,0.01,Large,9.17
9931,Product A,Brand Y,Toys,1.4,213,1,0.49,Large,2.97
10074,Product B,Brand X,Electronics,4.2,715,98,0.03,Small,6.2
10261,Product A,Brand X,Electronics,2,187,62,0.1,Small,1.05
10381,Product C,Brand Y,Groceries,2,935,88,0.14,Medium,4.11
8757,Product B,Brand Y,Groceries,1.7,474,6,0.19,Small,7.88
7908,Product B,Brand X,Clothing,2.2,546,23,0.02,Large,3.09
1168,Product B,Brand Z,Electronics,2.4,717,15,0.37,Medium,6.69
9883,Product D,Brand Y,Clothing,3.2,357,55,0.31,Large,5.97
9941,Product E,Brand X,Toys,4.9,549,100,0.09,Small,2.31
10004,Product A,Brand X,Toys,1.7,345,57,0.47,Large,7.77
10359,Product C,Brand Z,Clothing,1.5,724,0,0.47,Large,4.41
1966,Product A,Brand X,Groceries,1.6,587,26,0.32,Medium,5.75
10149,Product E,Brand Y,Groceries,4.4,513,3,0.43,Medium,6.79
10390,Product C,Brand X,Electronics,4.6,847,100,0.2,Medium,8.9
3946,Product C,Brand Y,Furniture,1.8,256,63,0.05,Small,8.28
6797,Product C,Brand Y,Clothing,2.4,573,4,0.42,Medium,3.77
3251,Product B,Brand X,Groceries,2.8,689,55,0.26,Large,1.09
10213,Product D,Brand Z,Electronics,3.4,326,89,0.39,Large,2.2
10325,Product C,Brand Z,Electronics,3.9,748,44,0.45,Large,8.31
9946,Product D,Brand Y,Furniture,2.6,360,67,0.13,Medium,0.96
8171,Product A,Brand Y,Groceries,2.5,857,14,0.17,Medium,0.43
1827,Product D,Brand Z,Groceries,4.8,38,12,0.33,Large,7.46
1914,Product A,Brand Z,Clothing,2.4,60,11,0.01,Large,0.27
9901,Product E,Brand X,Toys,2.2,238,77,0.1,Large,5.17
10024,Product B,Brand Y,Furniture,3,484,15,0.41,Large,9.77
10130,Product B,Brand Y,Toys,2.2,889,65,0.3,Large,6.72
10242,Product A,Brand X,Toys,2.7,605,85,0.4,Small,2.26
7193,Product B,Brand Z,Groceries,4.4,392,45,0.28,Medium,6.52
7061,Product D,Brand Z,Furniture,4.4,679,83,0.18,Large,6.02
10328,Product E,Brand X,Toys,1.6,926,75,0.43,Medium,9.7
10339,Product A,Brand Y,Groceries,1,628,7,0.41,Medium,3.56
10370,Product E,Brand Z,Toys,1.9,249,19,0.43,Medium,2.19
1480,Product D,Brand Y,Electronics,2.8,560,98,0.4,Small,4.61
3653,Product D,Brand Y,Furniture,4.9,750,10,0.33,Large,3.29
3958,Product B,Brand X,Electronics,1.8,728,26,0.47,Medium,0.36
6083,Product D,Brand Z,Toys,1.3,350,7,0.46,Large,5.08
9886,Product A,Brand Z,Electronics,2,166,97,0.47,Medium,6
9985,Product E,Brand Z,Toys,2,146,58,0.04,Medium,3.63
10111,Product D,Brand Y,Toys,4.6,242,20,0.3,Small,3.63
10088,Product C,Brand Y,Toys,4.1,511,87,0.35,Large,9.61
10378,Product A,Brand Z,Groceries,3.1,252,71,0.28,Large,2.7
7339,Product A,Brand Z,Groceries,2.8,981,49,0.18,Large,0.88
9284,Product A,Brand Y,Electronics,3.7,738,27,0.46,Medium,3.53
7931,Product C,Brand Z,Furniture,1.3,697,33,0.2,Small,2.23
4311,Product D,Brand Y,Furniture,4,309,74,0.12,Small,6.26
1055,Product D,Brand X,Groceries,2.2,547,82,0.25,Medium,9.53
2501,Product A,Brand X,Groceries,2.1,340,10,0.33,Medium,7.32
10334,Product B,Brand Y,Furniture,4.5,108,0,0.17,Large,8.4
10338,Product C,Brand Z,Toys,4,6,27,0.07,Small,3.71
322,Product B,Brand X,Clothing,5,711,60,0.49,Large,4.63
5245,Product A,Brand Z,Clothing,2.1,476,7,0.02,Small,5.93
488,Product C,Brand Z,Toys,3.4,959,20,0.28,Medium,3.48
10385,Product A,Brand X,Toys,3.3,730,85,0.46,Medium,2.22
10002,Product C,Brand Y,Toys,1.2,316,76,0.36,Small,6.81
10093,Product A,Brand X,Clothing,2.6,270,86,0.05,Medium,0.78
10347,Product E,Brand X,Toys,3.1,65,19,0.46,Medium,5
1082,Product B,Brand Z,Clothing,1.8,685,47,0.35,Medium,1.33
9948,Product E,Brand X,Furniture,3,197,97,0.29,Small,8.59
10107,Product C,Brand Y,Clothing,2.1,73,64,0.21,Small,2.17
10286,Product C,Brand Z,Groceries,2.6,567,1,0.25,Medium,2.81
2012,Product C,Brand Y,Furniture,1.9,78,90,0.38,Large,8.13
6556,Product A,Brand Y,Clothing,1.4,660,14,0.07,Medium,2.85
10121,Product A,Brand Y,Groceries,5,195,85,0.16,Large,2.38
10124,Product E,Brand Z,Furniture,3.3,274,58,0.28,Small,6.72
4103,Product C,Brand Y,Electronics,3,596,90,0.45,Large,7.44
5095,Product C,Brand X,Toys,2.1,447,88,0.02,Small,8.09
10007,Product D,Brand X,Toys,2.3,909,63,0.31,Large,1.74
10133,Product D,Brand Z,Furniture,2.3,757,44,0.06,Medium,0.7
10315,Product B,Brand Y,Furniture,4.9,866,9,0.2,Small,3.34
4552,Product B,Brand X,Groceries,1.6,277,68,0.46,Large,8.55
7468,Product C,Brand X,Furniture,2.5,283,87,0.24,Small,1.96
6486,Product A,Brand X,Toys,3,202,27,0.17,Small,0.69
7850,Product B,Brand Y,Toys,3.3,574,9,0.22,Large,4.77
8464,Product A,Brand X,Clothing,4.5,267,33,0.05,Medium,9.29
7361,Product D,Brand Z,Furniture,4.7,724,41,0.47,Large,9.43
9989,Product D,Brand Z,Clothing,1.6,227,46,0.18,Small,3.02
10332,Product C,Brand Y,Electronics,1.7,568,43,0.1,Medium,7.13
10405,Product C,Brand Z,Toys,2.6,1,46,0.27,Small,0.78
10270,Product A,Brand Y,Furniture,2.7,455,9,0.02,Medium,8.02
10412,Product B,Brand Y,Groceries,4.4,587,0,0.46,Large,8.74
8582,Product A,Brand Z,Furniture,1.7,338,5,0.19,Small,4.07
4242,Product D,Brand Y,Toys,4.8,962,94,0.07,Large,9.95
9996,Product A,Brand Z,Groceries,3,775,54,0.48,Large,5.49
10067,Product A,Brand Z,Furniture,1.4,801,68,0.31,Small,3.8
10114,Product D,Brand Z,Furniture,2.6,750,34,0.25,Small,4.98
10204,Product B,Brand Z,Clothing,1.4,597,87,0.06,Large,8.38
10391,Product E,Brand Y,Toys,1.9,836,41,0.49,Large,1.54
10416,Product E,Brand Z,Electronics,1.8,2,11,0.27,Medium,8.67
7779,Product B,Brand X,Electronics,1.7,961,30,0.38,Small,3.02
6844,Product D,Brand Y,Groceries,3,660,60,0.16,Small,6.01
9918,Product B,Brand Y,Clothing,1.5,595,30,0.3,Large,1.61
10193,Product D,Brand Z,Electronics,2.9,837,79,0.07,Medium,9.99
10200,Product E,Brand X,Furniture,1.8,51,71,0.21,Medium,2.75
10218,Product E,Brand Z,Groceries,4.7,186,30,0.35,Large,0.81
10410,Product A,Brand Y,Furniture,3.4,832,99,0.22,Medium,4.05
9874,Product C,Brand X,Groceries,1.1,559,85,0.46,Medium,9.5
10342,Product A,Brand Y,Furniture,1.4,594,58,0.28,Small,6.44
10402,Product C,Brand Y,Groceries,1.7,711,21,0.18,Large,6.7
2216,Product C,Brand Y,Electronics,1.3,293,79,0.33,Large,3.37
10070,Product D,Brand Z,Furniture,3.7,119,52,0.26,Small,2.13
10191,Product D,Brand X,Toys,2,878,43,0.13,Small,5.85
10217,Product D,Brand Z,Clothing,2.7,818,32,0.38,Medium,4.74
5806,Product C,Brand Y,Groceries,3.7,610,61,0.44,Large,9.23
4718,Product D,Brand Z,Toys,1.5,929,75,0.43,Large,0.31
3172,Product A,Brand Y,Groceries,1.7,721,84,0.15,Small,7.13
10014,Product A,Brand X,Clothing,1.5,600,95,0.03,Small,3.46
10103,Product E,Brand Y,Electronics,2.9,46,48,0.31,Medium,8.76
10181,Product E,Brand Y,Electronics,3.9,240,97,0.2,Large,1.42
10209,Product B,Brand X,Clothing,3.8,804,19,0.22,Large,1.27
10420,Product C,Brand X,Furniture,1.7,727,88,0.3,Small,5.48
10422,Product B,Brand X,Groceries,4.2,69,86,0.07,Small,3.76
2735,Product A,Brand X,Clothing,3.8,650,88,0.42,Medium,4.71
1121,Product D,Brand Y,Electronics,2.9,365,49,0.11,Large,5.28
9731,Product D,Brand Y,Clothing,4.4,717,31,0.42,Medium,3.76
9961,Product C,Brand X,Clothing,2.6,129,10,0.19,Small,6.75
10006,Product A,Brand X,Furniture,4,121,43,0.32,Small,1.13
10175,Product C,Brand Y,Toys,3.4,245,96,0.15,Large,0.77
10264,Product A,Brand Z,Toys,3.1,460,92,0.25,Medium,3.11
10275,Product E,Brand Z,Electronics,1.7,27,9,0.25,Medium,3.69
3308,Product D,Brand X,Furniture,2.7,453,60,0.27,Large,3.43
2855,Product B,Brand Z,Furniture,1.5,18,43,0.15,Small,8.65
1044,Product C,Brand X,Groceries,4.6,558,91,0.27,Medium,0.24
9527,Product A,Brand Z,Clothing,4.9,718,29,0.06,Small,5.73
9912,Product D,Brand X,Groceries,4.3,824,5,0.21,Small,5.37
10139,Product E,Brand Z,Electronics,2.2,466,88,0.02,Large,4.58
3249,Product B,Brand Y,Electronics,4.7,336,24,0.07,Medium,2.4
10291,Product A,Brand Z,Furniture,2.2,511,100,0.25,Large,3.78
10323,Product E,Brand X,Furniture,3.5,439,97,0.22,Large,8.19
10363,Product D,Brand Z,Toys,4.7,417,83,0.26,Medium,5.38
8280,Product D,Brand X,Electronics,3.2,133,48,0.34,Large,2.86
8037,Product B,Brand X,Furniture,3.1,913,43,0.39,Medium,0.99
83,Product D,Brand Y,Clothing,5,768,1,0.03,Large,3.73
108,Product B,Brand Z,Toys,1.5,130,88,0.05,Medium,9.73
9947,Product A,Brand Z,Furniture,1.4,502,79,0.07,Small,7.76
9964,Product D,Brand Y,Toys,1.4,626,1,0.39,Large,5.3
5786,Product A,Brand Y,Electronics,3.7,34,49,0.11,Small,3.07
10143,Product B,Brand Y,Furniture,3.6,449,99,0.21,Large,6.73
10348,Product B,Brand X,Clothing,1.6,999,39,0.44,Large,0.21
10421,Product B,Brand Z,Groceries,4.2,768,94,0.33,Medium,4.37
10199,Product B,Brand Z,Furniture,2.5,714,90,0.1,Large,0.74
414,Product C,Brand Z,Toys,3,32,66,0.43,Medium,0.88
5123,Product D,Brand Y,Groceries,1.4,572,15,0.22,Medium,6.06
3330,Product B,Brand X,Groceries,2.5,68,18,0.39,Large,8.08
8727,Product B,Brand Z,Groceries,4.4,740,82,0.12,Medium,9.56
8731,Product D,Brand Z,Electronics,3.4,331,71,0.45,Large,5.26
7514,Product D,Brand Y,Groceries,2.9,743,37,0.27,Medium,0.46
10141,Product B,Brand Z,Furniture,4.5,282,50,0.25,Large,3.85
946,Product C,Brand Z,Clothing,3.7,218,21,0.21,Small,8.27
82,Product C,Brand Y,Electronics,2.9,305,98,0.26,Small,6.98
9960,Product B,Brand Z,Clothing,2.8,906,79,0.07,Small,9.24
9988,Product D,Brand Z,Toys,1,820,1,0.35,Large,8.44
10076,Product C,Brand X,Clothing,3.1,17,86,0.16,Large,6.45
10120,Product D,Brand Y,Electronics,4.1,263,96,0.04,Large,1.16
9622,Product C,Brand Y,Electronics,3.6,536,12,0.11,Large,9
667,Product A,Brand Z,Toys,1.3,189,78,0.33,Large,4.3
4651,Product C,Brand X,Electronics,2,368,94,0.19,Large,7.37
10082,Product B,Brand X,Toys,4.2,811,68,0.25,Large,4.48
10174,Product D,Brand X,Toys,3.9,444,41,0.08,Medium,3.41
10212,Product A,Brand Z,Furniture,3.5,737,89,0.48,Medium,6.43
4092,Product C,Brand Z,Groceries,1.2,900,67,0.47,Small,7.35
9958,Product E,Brand X,Toys,2.4,317,16,0.27,Medium,7.88
8447,Product A,Brand Z,Toys,1.4,110,119,0.09,Large,4.37
10108,Product E,Brand X,Clothing,3.4,353,2,0.15,Small,3.82
10159,Product C,Brand Z,Toys,1.2,723,72,0.17,Small,9.91
10235,Product E,Brand Z,Furniture,4.6,195,77,0.47,Small,8.07
10252,Product B,Brand Z,Furniture,2.7,212,5,0.17,Medium,4.36
9779,Product A,Brand Y,Clothing,4.4,314,83,0.28,Medium,4.29
9929,Product E,Brand Y,Groceries,3.8,559,59,0.47,Medium,7.74
9939,Product E,Brand X,Furniture,1.5,407,77,0.13,Small,9.09
10052,Product D,Brand Y,Clothing,4.4,317,7,0.13,Large,3.55
10110,Product B,Brand X,Electronics,3.4,373,98,0.18,Small,8.34
10344,Product E,Brand X,Groceries,3.2,645,67,0.43,Large,8.73
9399,Product D,Brand X,Toys,2,145,26,0.43,Medium,9.23
10105,Product E,Brand Y,Groceries,3.8,306,100,0.44,Large,4.62
3034,Product D,Brand Z,Electronics,3.4,189,92,0.2,Small,8.27
10176,Product C,Brand Y,Groceries,4.1,538,29,0.01,Large,7.06
10296,Product D,Brand Y,Groceries,2,541,74,0.4,Small,8.41
3603,Product D,Brand Y,Toys,4,37,12,0.22,Medium,7.22
9982,Product A,Brand Y,Furniture,2,391,66,0.27,Small,7.28
10000,Product E,Brand Y,Furniture,2.4,644,34,0.4,Large,3.54
3937,Product C,Brand X,Groceries,4.9,734,53,0.48,Small,2.14
5450,Product A,Brand Z,Clothing,4.3,248,31,0.49,Small,2.97
1523,Product D,Brand Y,Clothing,2.7,130,73,0.36,Medium,7.22
2161,Product C,Brand Z,Clothing,2,831,56,0.09,Large,8.77
9935,Product B,Brand X,Clothing,3.3,288,18,0.47,Large,2.19
9889,Product A,Brand Z,Electronics,1.9,215,41,0.36,Medium,3.52
10151,Product D,Brand Z,Groceries,2.5,511,72,0.34,Small,4.76
10271,Product A,Brand Z,Electronics,1.6,628,95,0.24,Medium,8.4
3647,Product B,Brand Z,Electronics,1.1,934,52,0.22,Medium,7.1
9921,Product C,Brand X,Furniture,2.4,739,79,0.45,Medium,0.61
10386,Product A,Brand Y,Clothing,4.1,605,21,0.27,Large,3.66
3872,Product D,Brand Y,Clothing,3.1,163,84,0.39,Small,5.78
10020,Product E,Brand X,Toys,3.9,953,66,0.05,Small,9.21
10259,Product D,Brand X,Groceries,2.6,607,9,0.47,Medium,8.13
10282,Product A,Brand Y,Groceries,4.8,996,90,0.18,Large,7.78
10317,Product A,Brand Z,Clothing,3.2,292,18,0.41,Large,2.75
6645,Product A,Brand Z,Toys,2.2,384,28,0.02,Medium,1.02
10106,Product D,Brand Y,Groceries,4.5,129,17,0.02,Large,4.19
10253,Product D,Brand Z,Groceries,3.8,16,52,0.43,Medium,9.57
10413,Product E,Brand Y,Clothing,1.5,529,82,0.23,Large,4.16
7151,Product A,Brand Y,Groceries,1,673,14,0.43,Medium,0.32
422,Product B,Brand Y,Groceries,3,556,67,0.34,Medium,8.7
3909,Product D,Brand Y,Clothing,1.8,894,96,0.01,Medium,0.17
1468,Product D,Brand X,Groceries,4.9,947,19,0.07,Medium,4.1
5134,Product B,Brand Z,Toys,3.1,165,3,0.4,Small,4.55
10146,Product C,Brand Y,Furniture,4.7,682,37,0.37,Large,5.2
10393,Product E,Brand Y,Clothing,3.6,669,9,0.42,Medium,4.75
735,Product D,Brand X,Furniture,3.6,177,32,0.45,Large,0.41
10050,Product D,Brand X,Furniture,1.9,162,44,0.36,Small,6.56
10132,Product C,Brand Y,Toys,2.8,355,70,0.03,Medium,4.17
5454,Product B,Brand X,Furniture,4.7,981,30,0.49,Small,7.66
9903,Product E,Brand X,Toys,3.8,63,55,0.5,Large,0.99
3340,Product D,Brand X,Groceries,4.5,31,48,0.35,Medium,4.81
6049,Product A,Brand Y,Clothing,5,839,84,0.22,Large,5.51
6265,Product A,Brand X,Furniture,3,286,67,0.46,Medium,8.54
10079,Product D,Brand Z,Groceries,2.8,538,38,0.36,Small,2.85
10307,Product B,Brand Z,Clothing,1.2,783,3,0.43,Small,7.18
4766,Product A,Brand Y,Furniture,4.3,73,22,0.33,Small,4.38
10326,Product B,Brand X,Furniture,4.2,664,95,0.2,Medium,3.83
10382,Product E,Brand X,Toys,5,919,20,0.16,Small,5.61
9919,Product B,Brand Z,Electronics,3.1,159,45,0.11,Large,8.02
10095,Product B,Brand Y,Electronics,4.1,722,70,0.37,Large,1.42
5052,Product D,Brand X,Groceries,1.9,103,87,0.33,Medium,3.8
674,Product A,Brand Z,Electronics,4.5,474,73,0.27,Medium,3.23
10068,Product B,Brand X,Clothing,1.8,915,80,0.21,Medium,4.2
9549,Product A,Brand Y,Furniture,1.5,674,32,0.28,Small,2.89
9934,Product D,Brand Y,Electronics,2.7,79,73,0.17,Medium,8.05
9956,Product D,Brand X,Electronics,4.3,950,98,0.45,Medium,2.92
258,Product A,Brand Z,Toys,3.2,205,95,0.03,Medium,2.13
9933,Product D,Brand Z,Clothing,4.7,621,43,0.3,Small,3.11
10053,Product B,Brand X,Furniture,3,677,97,0.34,Small,8.69
10380,Product D,Brand Y,Electronics,1.3,974,57,0.18,Medium,6.8
10388,Product E,Brand Z,Electronics,1.6,566,83,0.18,Small,5.26
4089,Product B,Brand Y,Furniture,1.8,702,34,0.46,Medium,9.52
3174,Product A,Brand Z,Electronics,3.3,259,86,0.01,Medium,1.23
1885,Product C,Brand X,Toys,4.9,503,21,0.18,Large,8.55
9957,Product C,Brand X,Clothing,3.4,181,17,0.29,Large,5.94
10245,Product B,Brand Z,Electronics,3.2,49,71,0.34,Small,3.77
10392,Product E,Brand X,Electronics,1.6,481,72,0.23,Large,6.9
10414,Product D,Brand Y,Furniture,2.4,64,6,0.14,Large,8.85
881,Product B,Brand Y,Electronics,2.5,15,41,0.41,Small,0.51
6159,Product D,Brand X,Electronics,2.4,516,40,0.46,Large,2.93
9927,Product C,Brand Y,Groceries,3.3,188,92,0.11,Small,8.91
10134,Product D,Brand X,Toys,2.2,805,14,0.2,Small,1.01
460,Product C,Brand Z,Electronics,2,65,75,0.4,Medium,2.25
188,Product B,Brand Y,Toys,1.2,79,23,0.36,Medium,8.75
2194,Product B,Brand X,Groceries,1.9,368,57,0.18,Large,6.7
10188,Product C,Brand X,Clothing,2.4,898,100,0.04,Small,1.66
10295,Product B,Brand Y,Toys,2.8,696,15,0.19,Medium,4.71
8642,Product B,Brand Y,Groceries,2.4,868,60,0.26,Medium,0.58
5138,Product A,Brand Z,Clothing,3.6,160,70,0.07,Large,2.1
1162,Product B,Brand X,Toys,1.1,117,17,0.43,Medium,0.51
5843,Product C,Brand Z,Clothing,1.4,2,7,0.33,Medium,3.54
9965,Product C,Brand Z,Clothing,2.8,730,45,0.45,Medium,0.62
642,Product A,Brand Z,Electronics,1.9,429,48,0.09,Small,4.31
5559,Product A,Brand Z,Groceries,3.4,664,13,0.47,Medium,1.63
10013,Product C,Brand X,Electronics,1.7,731,34,0.41,Large,1.25
4736,Product D,Brand Z,Clothing,1.3,877,96,0.03,Small,1.45
8494,Product D,Brand Y,Furniture,2,779,68,0.13,Medium,3.89
3940,Product C,Brand X,Electronics,4.1,897,25,0.37,Large,8.83
3498,Product B,Brand Z,Groceries,4.1,928,3,0.5,Large,0.63
4356,Product C,Brand X,Clothing,4.5,858,91,0.22,Medium,2.78
8854,Product B,Brand Y,Toys,1.8,775,50,0,Medium,5.25
7096,Product C,Brand X,Toys,2.9,668,86,0.12,Medium,9.64
9972,Product D,Brand Y,Toys,2.3,623,35,0.42,Large,9.65
9978,Product A,Brand Z,Electronics,4.8,893,82,0.3,Small,9.29
10283,Product A,Brand X,Furniture,2.8,867,68,0.02,Small,7.27
3311,Product A,Brand X,Electronics,4.1,884,80,0.47,Medium,7.43
8955,Product A,Brand X,Groceries,4.3,977,4,0.1,Small,2.57
4771,Product B,Brand Z,Clothing,3.4,565,25,0.45,Medium,9.32
2861,Product D,Brand Y,Groceries,2,977,64,0.33,Large,9.27
9897,Product C,Brand X,Toys,2.6,15,30,0.07,Small,4.36
9926,Product A,Brand Y,Clothing,3,847,63,0.22,Large,3.71
10125,Product D,Brand Y,Electronics,2.6,191,44,0.48,Large,3.17
10138,Product B,Brand Y,Groceries,3.5,875,40,0.44,Large,6.07
10257,Product A,Brand X,Toys,1.4,59,80,0.23,Small,5.68
10313,Product C,Brand X,Furniture,4,957,37,0.21,Small,2.6
9134,Product B,Brand Y,Electronics,4.6,314,68,0.45,Medium,2.46
3114,Product A,Brand Y,Groceries,2.3,144,11,0.01,Medium,4.89
6146,Product A,Brand X,Electronics,3,870,2,0.35,Small,4.59
10225,Product B,Brand Y,Clothing,4.7,176,20,0.3,Large,1.14
4063,Product D,Brand Y,Furniture,1.9,820,68,0.03,Small,0.29
9997,Product A,Brand Y,Furniture,3.4,279,27,0.37,Small,4.93
10298,Product C,Brand Y,Clothing,2.6,250,1,0.23,Large,8.11
10423,Product E,Brand X,Electronics,4.2,816,72,0.17,Large,7.86
7302,Product D,Brand X,Electronics,4.7,309,80,0.1,Medium,1.01
1910,Product B,Brand X,Groceries,1.3,82,71,0.49,Small,9.71
2833,Product D,Brand X,Toys,1.6,583,73,0.31,Large,0.43
10202,Product D,Brand Z,Groceries,1.2,897,13,0.07,Medium,6.14
10362,Product D,Brand Z,Furniture,4.6,313,31,0.27,Medium,5.46
7704,Product C,Brand Z,Clothing,4.7,595,99,0.06,Small,6.88
2355,Product D,Brand Y,Clothing,1.4,632,26,0.49,Medium,1.02
1506,Product B,Brand Z,Furniture,2.6,657,63,0.1,Small,6.13
7466,Product D,Brand X,Clothing,2.2,756,59,0.04,Medium,9.29
6156,Product A,Brand Z,Furniture,1.3,491,87,0.25,Large,6.97
2653,Product A,Brand Y,Furniture,3.8,914,66,0.33,Small,4.71
10102,Product A,Brand Z,Groceries,1.9,202,92,0.38,Medium,3.89
10354,Product C,Brand Z,Clothing,2,461,94,0.43,Medium,3.71
4672,Product A,Brand Y,Furniture,3.6,191,90,0.27,Large,1.66
3786,Product C,Brand Z,Toys,4.1,423,93,0.26,Small,8.3
10044,Product A,Brand Y,Groceries,4.6,724,46,0.05,Small,4.95
10109,Product B,Brand X,Furniture,2.7,711,63,0.09,Small,8.95
856,Product A,Brand Z,Furniture,3.1,287,81,0.12,Medium,3.57
9950,Product C,Brand X,Groceries,1.5,783,47,0.33,Large,2.23
9979,Product C,Brand Y,Electronics,3.1,528,2,0.34,Medium,6
10155,Product D,Brand Y,Furniture,4.7,933,28,0.16,Medium,0.59
10185,Product D,Brand Y,Clothing,2.9,3,29,0.1,Large,8.12
10368,Product E,Brand X,Clothing,2.7,286,75,0.38,Large,1.12
1675,Product A,Brand Z,Toys,4.4,686,84,0.23,Small,3.31
2244,Product C,Brand Y,Electronics,4,814,7,0.28,Large,5.51
10182,Product B,Brand Z,Electronics,1.4,699,79,0.15,Large,2.24
10219,Product C,Brand Y,Furniture,2.4,846,87,0.12,Small,7.87
3423,Product D,Brand X,Groceries,1.7,600,95,0.03,Large,2.97
10170,Product C,Brand Z,Furniture,3,297,47,0.3,Small,5.46
10196,Product E,Brand X,Groceries,4.2,605,18,0.12,Medium,9.72
9708,Product D,Brand Z,Furniture,2.8,414,97,0.45,Large,1.22
9547,Product A,Brand X,Toys,2.5,965,48,0.17,Large,7.92
4281,Product C,Brand Z,Electronics,2.1,443,39,0.46,Small,3.54
7584,Product C,Brand Z,Clothing,3.3,875,26,0.08,Small,8.77
8339,Product A,Brand Z,Clothing,1.1,824,96,0.22,Medium,3.97
10263,Product E,Brand Y,Electronics,2.8,959,94,0.26,Medium,1.22
10327,Product B,Brand X,Groceries,4,593,82,0.49,Medium,6.22
10365,Product B,Brand Z,Toys,3.6,327,76,0.27,Small,2.58
2843,Product D,Brand X,Toys,4.5,312,45,0.03,Large,5.97
4839,Product A,Brand X,Furniture,4,286,28,0.13,Medium,7.44
10246,Product A,Brand Y,Groceries,1.1,666,18,0.32,Medium,9.01
10267,Product C,Brand X,Clothing,4.4,808,9,0.05,Large,1.31
4551,Product A,Brand X,Electronics,3.9,827,29,0.37,Medium,6.53
464,Product B,Brand X,Toys,1.6,574,55,0.16,Large,8.51
7796,Product D,Brand X,Toys,1.6,537,60,0.37,Medium,2.32
9888,Product A,Brand X,Groceries,1.4,207,82,0.15,Large,1.4
9922,Product C,Brand Z,Electronics,2.5,969,10,0.1,Large,1.62
10207,Product E,Brand Y,Groceries,5,864,55,0.21,Small,6.45
10384,Product B,Brand Z,Groceries,1.4,160,26,0.33,Large,7.64
8008,Product C,Brand Y,Groceries,4.8,542,95,0.46,Medium,7.53
1872,Product B,Brand X,Furniture,1.5,324,94,0.2,Large,3.14
8199,Product D,Brand X,Electronics,3.2,690,6,0.17,Large,2.79
1197,Product B,Brand Z,Furniture,4.4,240,78,0.49,Medium,9.04
4061,Product B,Brand Y,Furniture,2.7,529,73,0.41,Medium,5.61
1666,Product C,Brand Z,Clothing,3.9,903,72,0.46,Large,4.81
10289,Product B,Brand X,Furniture,3.2,851,30,0.48,Medium,7.94
6568,Product D,Brand X,Toys,2.9,856,9,0.06,Small,5.1
4999,Product D,Brand Z,Furniture,3.4,31,90,0.23,Medium,4.34
10022,Product A,Brand X,Electronics,4.6,807,99,0.44,Small,9.2
10117,Product D,Brand Z,Clothing,4.4,500,82,0.26,Medium,1.49
10147,Product E,Brand Z,Furniture,2.5,377,99,0.23,Small,3.56
10221,Product A,Brand Z,Furniture,1.3,398,67,0.11,Medium,9.61
9955,Product B,Brand Y,Groceries,2.3,528,63,0.47,Large,7.45
10278,Product A,Brand Z,Clothing,3.6,383,52,0.42,Small,0.85
10336,Product B,Brand X,Furniture,2.1,678,83,0.01,Large,5.72
1883,Product A,Brand Y,Clothing,3.3,678,74,0.38,Large,0.26
6108,Product A,Brand Z,Groceries,3.3,395,42,0.42,Medium,1.03
2579,Product D,Brand X,Clothing,1.8,993,48,0.42,Large,8.68
8420,Product B,Brand Y,Clothing,1.7,491,53,0.46,Medium,6.36
3833,Product A,Brand Z,Groceries,4.3,88,74,0.1,Small,2.09
2574,Product D,Brand X,Groceries,1.5,622,92,0.02,Small,6.7
9526,Product A,Brand Z,Toys,1.4,345,70,0.49,Small,4.47
7685,Product C,Brand Y,Electronics,3,662,21,0.13,Small,8.39
8768,Product B,Brand X,Clothing,4.3,469,86,0.28,Large,4.1
8296,Product D,Brand X,Furniture,3.5,937,30,0.18,Small,9.78
966,Product A,Brand Y,Electronics,1.8,408,66,0.21,Medium,3.37
6428,Product C,Brand Y,Groceries,4.6,875,46,0.05,Small,1.39
466,Product D,Brand X,Groceries,4.5,564,0,0.27,Small,2.62
10090,Product C,Brand Z,Furniture,1.1,95,26,0.39,Small,5.69
4078,Product C,Brand Y,Furniture,1.3,187,24,0.28,Small,3.86
5007,Product D,Brand X,Toys,3,783,61,0.44,Small,0.2
2918,Product C,Brand Y,Clothing,1.8,440,54,0.14,Medium,4.97
9969,Product C,Brand Y,Furniture,1.6,292,10,0.31,Small,9.59
790,Product B,Brand X,Groceries,2,43,77,0.42,Large,4.5
10060,Product A,Brand Y,Electronics,5,397,31,0.37,Medium,9.45
10162,Product E,Brand Y,Toys,4,690,27,0.12,Small,0.48
10394,Product C,Brand Z,Clothing,3.7,843,9,0.32,Large,3.68
7111,Product A,Brand Z,Toys,1.9,187,69,0.1,Medium,2.08
7027,Product D,Brand Y,Groceries,3.8,165,72,0.28,Medium,7.38
4674,Product A,Brand X,Clothing,1,634,77,0.4,Large,2.21
10290,Product D,Brand X,Furniture,4.4,918,41,0.43,Large,8.54
10316,Product D,Brand X,Clothing,4.1,681,72,0.08,Large,5.62
10346,Product A,Brand Z,Furniture,1.7,12,61,0.49,Large,7.16
5170,Product C,Brand Z,Electronics,2.1,288,63,0.42,Large,9.33
9608,Product B,Brand X,Clothing,1.1,106,66,0.3,Small,9.51
4545,Product C,Brand X,Furniture,4.5,359,45,0.45,Small,8.75
891,Product C,Brand X,Toys,4.2,682,1,0.34,Medium,2.41
1453,Product B,Brand Y,Electronics,4.8,442,21,0.06,Large,3.54
4429,Product A,Brand X,Clothing,2.7,908,40,0.43,Medium,5.59
10033,Product C,Brand Y,Electronics,3.1,543,86,0.15,Small,2.71
10320,Product A,Brand Y,Groceries,1.4,244,2,0.19,Small,8.88
10333,Product B,Brand Z,Groceries,3.9,506,73,0.15,Large,6.46
10357,Product D,Brand X,Toys,3.1,478,79,0.41,Medium,3.34
10028,Product D,Brand Z,Clothing,4.4,118,0,0.06,Large,3.12
4573,Product D,Brand Y,Electronics,3.3,592,88,0.21,Large,1
10113,Product D,Brand Z,Electronics,4,692,92,0.49,Small,8.61
10244,Product A,Brand Y,Electronics,4.8,724,74,0.09,Large,3.22
10288,Product C,Brand X,Groceries,1.2,279,52,0.17,Large,7.14
2896,Product A,Brand Z,Groceries,2.3,128,62,0.47,Large,2.26
606,Product D,Brand Y,Toys,3.5,219,25,0,Small,7.14
9558,Product C,Brand Z,Furniture,4,376,52,0.38,Small,2.52
9537,Product A,Brand X,Toys,3.7,580,50,0.09,Large,3.59
9873,Product C,Brand Z,Toys,3.5,220,80,0.25,Small,6.43
10311,Product C,Brand Y,Groceries,3.5,23,68,0.19,Large,5.65
2457,Product A,Brand Y,Electronics,2.6,588,91,0.32,Medium,0.86
8378,Product C,Brand Y,Clothing,4.7,203,60,0.18,Medium,4.52
10198,Product E,Brand Y,Furniture,4.1,338,59,0.45,Medium,6.99
7307,Product D,Brand Z,Toys,1.9,355,45,0.02,Medium,3.56
10036,Product D,Brand Z,Groceries,2.2,553,73,0.31,Large,9.77
2848,Product B,Brand Y,Furniture,4.4,448,81,0.17,Large,8.33
5756,Product B,Brand Y,Toys,1.4,40,2,0.47,Medium,3.16
10231,Product E,Brand Z,Groceries,3.3,635,8,0.41,Medium,0.22
7113,Product A,Brand X,Toys,3.2,649,40,0.26,Medium,3.56
10019,Product A,Brand Y,Clothing,3.5,404,21,0.19,Medium,2.66
10247,Product E,Brand Y,Groceries,3.2,502,94,0.19,Small,3.51
7291,Product C,Brand Z,Clothing,3.3,490,62,0.29,Large,2.67
2610,Product D,Brand X,Toys,3.8,675,90,0.4,Small,0.14
7728,Product B,Brand Y,Toys,1.8,413,71,0.15,Medium,4.82
10123,Product C,Brand X,Electronics,3.7,795,29,0.38,Large,9.37
10150,Product D,Brand X,Toys,3.1,461,60,0.26,Medium,6.7
10178,Product A,Brand Y,Groceries,1.1,609,61,0.13,Small,4.93
10189,Product E,Brand Y,Groceries,2.3,821,35,0.23,Large,0.36
1091,Product A,Brand Y,Clothing,4.1,208,18,0.37,Small,5.38
9954,Product C,Brand Y,Clothing,2.5,16,9,0.1,Small,2.82
10355,Product A,Brand X,Groceries,1.7,670,2,0.41,Small,0.98
2771,Product C,Brand Y,Furniture,4.8,147,9,0.16,Large,8.77
10228,Product A,Brand Z,Groceries,1.4,395,30,0.3,Small,7.76
10304,Product B,Brand Z,Toys,2,3,9,0.44,Small,3.11
3024,Product C,Brand Z,Furniture,3.1,545,45,0.35,Large,3.64
9938,Product A,Brand X,Groceries,3,200,100,0.15,Large,0.68
10075,Product D,Brand Y,Toys,4.1,798,75,0.04,Large,5.87
10360,Product D,Brand Z,Toys,4.7,387,31,0.25,Small,9.07
554,Product D,Brand X,Toys,3.8,483,91,0.31,Large,5.43
9991,Product A,Brand Z,Clothing,1.1,476,26,0.3,Medium,5.95
10045,Product B,Brand Z,Electronics,3.9,490,7,0.16,Medium,1.72
5253,Product D,Brand Y,Groceries,2.3,748,70,0.04,Large,6.58
9282,Product A,Brand X,Groceries,4.9,151,1,0.46,Small,6.65
8115,Product C,Brand X,Furniture,2.4,275,54,0.36,Small,4.99
9892,Product E,Brand Z,Clothing,2.7,1,62,0.33,Small,6.7
10031,Product D,Brand X,Groceries,3.3,768,78,0.1,Large,7.38
10220,Product C,Brand X,Furniture,4.7,860,28,0.22,Small,2.53
10398,Product C,Brand Y,Toys,1,932,10,0.05,Large,1.26
10037,Product B,Brand Z,Furniture,1.1,673,73,0.15,Small,8.03
288,Product D,Brand Z,Clothing,4.1,90,11,0.17,Medium,1.47
2352,Product D,Brand Z,Clothing,4.5,918,59,0.5,Large,0.3
9618,Product D,Brand Y,Furniture,2.8,851,69,0.15,Medium,4.56
10266,Product C,Brand Z,Clothing,4.4,262,68,0.05,Large,3.74
10351,Product E,Brand Y,Electronics,1.6,3,62,0.3,Large,5.8
9609,Product D,Brand X,Toys,2.3,195,74,0.4,Large,4.66
2613,Product B,Brand Z,Furniture,1.5,761,72,0.34,Small,0.71
10012,Product C,Brand Y,Furniture,2.8,981,43,0.01,Small,7.67
10172,Product C,Brand X,Toys,3.4,794,2,0.05,Medium,6.23
10236,Product C,Brand Z,Electronics,2.2,515,7,0.12,Small,4.3
10262,Product C,Brand Y,Furniture,2.5,618,38,0.12,Medium,4.88
135,Product C,Brand Y,Furniture,3.5,731,66,0.3,Small,6.78
10376,Product D,Brand Z,Groceries,4.4,33,7,0.2,Large,4.63
9940,Product C,Brand X,Groceries,2.8,273,43,0.1,Medium,7.2
10367,Product D,Brand Z,Furniture,1.2,7,35,0.29,Medium,7.41
10400,Product E,Brand Z,Clothing,3.2,229,19,0.06,Large,5.91
7671,Product D,Brand Z,Clothing,2.8,176,61,0.13,Small,0.39
9928,Product D,Brand Z,Groceries,2.3,102,74,0.2,Large,3.55
9998,Product D,Brand X,Groceries,4.7,387,59,0.25,Small,2.55
9999,Product E,Brand Z,Groceries,4.8,475,18,0.35,Large,4.88
10129,Product D,Brand Z,Furniture,2.5,636,5,0.28,Small,5.01
10268,Product A,Brand Z,Clothing,2,605,57,0.22,Medium,4.25
10387,Product E,Brand Y,Furniture,3.4,958,2,0.12,Large,2.14
6054,Product A,Brand Y,Furniture,4.6,171,68,0.17,Large,8.32
8268,Product D,Brand Y,Clothing,4.3,984,34,0.12,Small,1.36
3137,Product D,Brand Z,Toys,2.4,870,47,0.49,Small,2.2
10065,Product D,Brand X,Furniture,1.8,405,59,0.1,Small,2.3
10169,Product E,Brand X,Toys,2.2,765,92,0.02,Medium,7.69
5367,Product A,Brand Y,Electronics,4.9,329,26,0.08,Large,1.63
6803,Product B,Brand Z,Groceries,3.5,101,17,0.06,Small,1.18
9080,Product A,Brand Z,Clothing,3.6,173,49,0.1,Small,5.15
9343,Product D,Brand Z,Clothing,4.1,554,29,0.26,Small,7.23
4066,Product C,Brand Z,Toys,4.8,234,87,0.45,Small,2.79
10017,Product E,Brand Z,Clothing,2.7,544,72,0.21,Large,1.39
10158,Product C,Brand Y,Furniture,4.3,558,62,0.23,Large,6.88
10312,Product C,Brand X,Toys,3.6,953,47,0.05,Small,8.99
1612,Product B,Brand X,Toys,3.4,13,0,0.07,Small,0.58
6885,Product C,Brand Z,Furniture,3.9,644,56,0.07,Large,9.04
9899,Product D,Brand Y,Toys,1.2,682,13,0.47,Large,4.32
9915,Product B,Brand X,Electronics,4.6,986,68,0.42,Large,0.3
10029,Product C,Brand Y,Electronics,3,858,78,0.15,Medium,5.36
10206,Product C,Brand Y,Toys,3.1,110,80,0.07,Medium,4.74
5720,Product C,Brand X,Electronics,4.5,951,92,0.36,Large,8.61
5936,Product B,Brand Y,Furniture,3.6,61,56,0.33,Small,0.7
2545,Product A,Brand Z,Clothing,4,214,63,0.04,Medium,4.28
9685,Product D,Brand Z,Groceries,2.4,605,67,0.37,Medium,7.08
6403,Product A,Brand X,Electronics,4.4,259,39,0.04,Small,5.29
8091,Product D,Brand X,Clothing,1.8,402,0,0.27,Small,4.24
10396,Product A,Brand Y,Electronics,2,382,29,0.48,Small,5.58
6528,Product B,Brand Y,Furniture,4.8,988,29,0.03,Large,0.32
4503,Product C,Brand Y,Electronics,2.8,646,2,0.18,Large,2.44
8109,Product D,Brand X,Groceries,1.2,290,86,0.1,Small,6.84
5875,Product C,Brand Y,Furniture,4.3,600,33,0.45,Large,3.6
9990,Product D,Brand Y,Toys,4.6,203,34,0.48,Small,1.43
10016,Product D,Brand X,Furniture,2.4,566,16,0.06,Medium,6.39
10126,Product E,Brand Y,Groceries,1.8,821,81,0.09,Small,7.77
2593,Product D,Brand Z,Toys,2.7,762,74,0.38,Large,1.02
10224,Product D,Brand Y,Electronics,2.5,57,59,0.16,Large,7.5
10397,Product B,Brand X,Electronics,2.4,118,22,0.49,Medium,0.91
2913,Product D,Brand X,Toys,2.8,122,11,0.2,Small,6.08
6672,Product A,Brand X,Electronics,1.7,367,91,0.27,Medium,2.36
9984,Product C,Brand Y,Groceries,4.1,202,30,0.36,Small,7.15
6295,Product B,Brand X,Clothing,3.7,820,23,0.31,Small,4.02
9727,Product B,Brand X,Clothing,1.6,102,82,0.14,Large,8.13
8120,Product C,Brand X,Electronics,1.4,712,52,0.41,Medium,3.49
8973,Product B,Brand Y,Furniture,4.6,123,70,0.32,Small,0.8
9202,Product B,Brand Y,Electronics,4.2,812,27,0.33,Small,3.89
9907,Product C,Brand Z,Furniture,2.7,695,84,0.38,Medium,0.23
9924,Product E,Brand Y,Toys,4.9,154,23,0.13,Small,7.21
9937,Product B,Brand X,Clothing,1.6,300,12,0.35,Large,6.08
9995,Product A,Brand X,Electronics,3,271,58,0,Small,1.69
10039,Product C,Brand Z,Groceries,4.4,317,71,0.12,Small,0.44
10203,Product D,Brand Z,Furniture,3.1,371,3,0.37,Large,0.5
3281,Product B,Brand Z,Furniture,2.5,933,56,0.34,Large,4.64
6456,Product A,Brand X,Toys,4.1,855,9,0.07,Medium,9.27
9917,Product E,Brand X,Electronics,3.2,335,71,0.08,Small,6.43
10023,Product C,Brand Y,Electronics,3.9,950,41,0.43,Large,9.57
10071,Product C,Brand Z,Toys,4,836,78,0.05,Medium,0.56
10098,Product C,Brand Z,Clothing,4,130,69,0.02,Large,3.01
4913,Product C,Brand Z,Toys,3.8,894,18,0.14,Small,7.29
1972,Product C,Brand Y,Electronics,2.2,116,32,0.47,Large,6.64
5254,Product A,Brand Y,Furniture,2.3,261,35,0.1,Small,1.75
10230,Product D,Brand Z,Groceries,1.5,905,6,0.12,Small,4.1
10243,Product A,Brand X,Toys,4.2,720,52,0.26,Medium,7.3
1447,Product B,Brand X,Clothing,2.4,570,42,0.23,Medium,2.46
2021,Product C,Brand X,Electronics,4.2,875,3,0.39,Large,0.11
8544,Product A,Brand Z,Groceries,2.6,628,95,0.16,Large,2.42
4232,Product B,Brand Z,Clothing,4.1,267,11,0.15,Large,1.86
9920,Product B,Brand Z,Toys,3.7,284,41,0.42,Medium,6.35
9951,Product E,Brand Z,Clothing,3.5,255,87,0.46,Medium,1.44
10140,Product B,Brand X,Electronics,3.5,246,15,0.29,Large,8.31
10165,Product A,Brand X,Furniture,1.1,79,63,0.23,Large,5.76
10299,Product A,Brand Y,Toys,4.4,751,21,0.45,Large,0.87
2083,Product C,Brand X,Groceries,1.1,904,61,0.3,Large,8.91
10148,Product B,Brand Y,Furniture,4.2,44,100,0.35,Medium,5.5
10350,Product B,Brand Y,Electronics,3.7,73,12,0.22,Medium,4.95
931,Product B,Brand X,Groceries,1.5,364,75,0.02,Small,9.38
3767,Product A,Brand Y,Furniture,3.8,700,67,0.06,Small,6.96
7019,Product C,Brand Y,Groceries,3.5,891,20,0.32,Medium,3.25
3582,Product A,Brand Z,Groceries,4.1,769,62,0.32,Small,1.86
8940,Product D,Brand X,Furniture,3.9,840,4,0.17,Large,0.85
2218,Product D,Brand Z,Electronics,3.3,521,63,0.43,Large,2.99
853,Product D,Brand Z,Clothing,2.5,783,19,0.17,Medium,5.71
9880,Product B,Brand Z,Groceries,2.2,52,48,0.07,Large,2.93
10319,Product D,Brand Y,Toys,3.5,482,22,0.14,Small,8.05
7152,Product A,Brand X,Groceries,2.2,969,70,0.23,Medium,1.66
7706,Product A,Brand Z,Furniture,4.1,674,66,0.23,Small,0.75
9887,Product E,Brand X,Groceries,1.8,436,43,0.08,Medium,1.19
10083,Product E,Brand Z,Groceries,4.7,866,86,0.18,Medium,3.82
10314,Product D,Brand Z,Toys,2.4,74,80,0.08,Small,7.77
5553,Product C,Brand Z,Furniture,2.2,527,44,0.33,Small,2.38
356,Product A,Brand Z,Clothing,2.5,234,63,0.37,Small,2.3
317,Product B,Brand Y,Toys,4.2,515,58,0.02,Large,0.87
10401,Product E,Brand X,Clothing,2.9,768,42,0.16,Medium,6.54
9854,Product C,Brand X,Electronics,4.2,275,20,0.03,Small,2.97
604,Product A,Brand Z,Groceries,3.8,441,98,0.08,Medium,7.38
9905,Product A,Brand Z,Groceries,2.5,648,55,0.23,Small,5.01
9923,Product B,Brand Y,Furniture,4.3,288,66,0.38,Medium,8.6
9952,Product B,Brand Z,Furniture,4.6,462,37,0.02,Small,8.05
9971,Product E,Brand X,Furniture,1.6,188,59,0.49,Small,8.98
10136,Product E,Brand Z,Furniture,3.2,157,80,0.25,Medium,4.03
10177,Product B,Brand Y,Groceries,1.4,634,6,0.09,Large,2
5934,Product D,Brand Z,Toys,1.5,755,17,0.09,Medium,6.13
92,Product D,Brand Z,Groceries,4.4,701,5,0.13,Large,8.5
9909,Product E,Brand Y,Electronics,1.3,286,93,0.32,Small,7.44
9914,Product A,Brand Z,Furniture,2.1,173,52,0.11,Medium,7.41
9975,Product A,Brand Y,Clothing,3,910,30,0.48,Medium,4.26
10009,Product B,Brand X,Groceries,2.3,237,7,0.49,Large,7.16
8594,Product A,Brand Y,Furniture,4.6,994,66,0.25,Small,7.76
1446,Product A,Brand Z,Electronics,2.6,52,86,0.21,Small,2.54
4680,Product C,Brand Y,Electronics,3.1,788,18,0.1,Medium,9.11
10062,Product C,Brand X,Toys,3.7,43,70,0.02,Large,8.49
10211,Product C,Brand Z,Clothing,3.3,609,35,0.15,Small,0.84
10287,Product E,Brand X,Electronics,1,76,4,0.43,Large,0.17
10356,Product C,Brand X,Groceries,1.9,478,6,0.18,Large,5.03
9059,Product D,Brand Z,Groceries,4.1,866,74,0.41,Medium,7.96
5,Product B,Brand X,Groceries,2.4,46,87,0.3,Medium,5.22
9718,Product A,Brand Y,Groceries,4.1,443,89,0.22,Small,9.45
10086,Product A,Brand X,Electronics,2.1,242,12,0.19,Small,8.18
10303,Product D,Brand Y,Toys,3.8,745,21,0.31,Medium,9.39
6623,Product C,Brand X,Groceries,2.3,636,58,0.47,Small,3.76
10232,Product B,Brand X,Toys,4.2,138,80,0.15,Small,7.18
8804,Product C,Brand Z,Electronics,4.4,987,94,0.2,Small,4.52
8957,Product D,Brand Z,Clothing,1.6,579,80,0.38,Small,5.17
9902,Product B,Brand Z,Furniture,5,779,81,0.33,Small,8.18
9945,Product D,Brand Y,Clothing,1.1,6,92,0,Small,8.2
9959,Product B,Brand Y,Groceries,2.2,260,89,0.11,Medium,1.72
10184,Product E,Brand Y,Toys,3.2,433,18,0.09,Large,5.64
10272,Product D,Brand Y,Clothing,4.8,865,26,0.38,Medium,8.18
10352,Product C,Brand Z,Electronics,3.2,397,66,0.36,Large,3.22
532,Product A,Brand Y,Furniture,4.1,771,18,0.2,Medium,9.55
9206,Product C,Brand Y,Clothing,3.9,522,20,0.12,Small,6.55
9276,Product A,Brand Y,Clothing,4.2,747,14,0.26,Small,9.66
10015,Product C,Brand Y,Toys,4.6,739,23,0.22,Small,4.18
10254,Product A,Brand Z,Furniture,2.9,274,18,0.13,Medium,3.6
4858,Product A,Brand Y,Furniture,4.2,985,16,0.11,Large,6.06
8324,Product A,Brand X,Groceries,1.7,568,80,0.1,Small,8.4
9970,Product C,Brand Y,Electronics,4,989,74,0.18,Medium,4.54
10046,Product D,Brand Y,Furniture,4.9,596,3,0.27,Small,7.23
10201,Product E,Brand Z,Toys,3.3,813,71,0.07,Small,2.44
10238,Product C,Brand Z,Toys,4.1,15,75,0.32,Large,0.92
10277,Product D,Brand X,Toys,4.7,68,60,0.14,Small,1.34
10335,Product D,Brand Z,Electronics,4.5,203,60,0.39,Large,0.68
10379,Product A,Brand Y,Clothing,4.6,23,90,0.16,Large,9.75
9560,Product D,Brand X,Clothing,1.2,626,6,0.28,Small,0.53
9466,Product A,Brand X,Toys,1.1,566,54,0.48,Large,1.54
10383,Product C,Brand Y,Toys,1.2,799,53,0.08,Small,2.27
4643,Product C,Brand X,Clothing,2,861,86,0.3,Medium,1.26
7378,Product D,Brand X,Clothing,4.9,53,69,0.11,Medium,0.55
9879,Product B,Brand Y,Clothing,1.6,255,42,0.15,Large,7.98
9900,Product B,Brand Y,Clothing,3.8,226,46,0.15,Medium,8.73
9910,Product A,Brand X,Toys,2.5,723,21,0.09,Medium,0.61
10297,Product D,Brand Y,Groceries,1.3,321,67,0.26,Small,1.32
1163,Product C,Brand X,Groceries,1.8,11,68,0.08,Large,4.17
217,Product C,Brand Z,Groceries,1.4,256,8,0.4,Medium,6.42
9981,Product A,Brand Z,Furniture,2.7,204,93,0.44,Medium,0.14
10080,Product E,Brand Y,Groceries,1.1,921,69,0.47,Medium,7.09
10229,Product E,Brand X,Toys,2.6,412,93,0.21,Medium,6.05
10305,Product E,Brand Z,Furniture,2.8,286,63,0.49,Large,7.62
9463,Product A,Brand Y,Toys,1.9,580,90,0.02,Medium,6.05
10372,Product D,Brand X,Furniture,3.6,583,81,0.28,Large,7.32
10011,Product A,Brand X,Electronics,4.6,263,60,0.06,Small,6.81
7985,Product A,Brand X,Electronics,2,189,73,0.25,Small,9.49
9932,Product A,Brand X,Furniture,4.1,978,76,0.16,Large,3.8
10005,Product C,Brand X,Groceries,3.5,293,12,0.02,Large,5.01
10035,Product C,Brand X,Toys,3.4,365,96,0.4,Large,5.68
10041,Product E,Brand X,Electronics,2.4,17,37,0.42,Large,6.04
10145,Product E,Brand X,Furniture,1.7,193,60,0.24,Small,5.05
10281,Product B,Brand Y,Furniture,3.6,309,62,0.18,Large,6.44
10408,Product C,Brand Z,Electronics,2,291,41,0.23,Small,0.71
2213,Product B,Brand Y,Toys,1.4,332,68,0.22,Small,1.38
6698,Product B,Brand X,Furniture,2.5,276,71,0.46,Medium,8.99
6932,Product C,Brand X,Toys,2.2,591,76,0.04,Small,8.56
10026,Product B,Brand Z,Electronics,4.7,575,60,0.45,Small,3.31
10284,Product E,Brand X,Toys,1,116,1,0.39,Medium,3.48
5101,Product B,Brand X,Toys,1.4,233,99,0.39,Medium,1.04
5721,Product A,Brand Z,Clothing,4.4,786,34,0.22,Small,3.4
9738,Product B,Brand Z,Groceries,1.9,409,45,0.37,Large,6.17
10063,Product E,Brand Y,Furniture,3.6,239,1,0.46,Small,7.84
10167,Product C,Brand Y,Furniture,4.8,833,92,0.36,Small,2.05
7330,Product C,Brand X,Groceries,3.2,553,79,0.05,Large,9.46
10066,Product C,Brand Z,Clothing,2.5,881,70,0.41,Large,3.71
10128,Product B,Brand X,Groceries,1.4,98,33,0.05,Large,7.05
10250,Product D,Brand X,Toys,2.1,348,31,0.01,Small,4.16
7581,Product B,Brand Y,Groceries,1.2,753,54,0.05,Small,9.17
1310,Product C,Brand X,Clothing,3.1,235,88,0.12,Large,3.13
5262,Product D,Brand Y,Groceries,4,542,97,0.42,Medium,8.33
10240,Product C,Brand X,Toys,1.5,650,42,0.11,Large,7.93
7534,Product B,Brand Z,Clothing,1.7,778,70,0.26,Large,1.77
9885,Product B,Brand Z,Groceries,3,698,42,0.29,Large,5.4
10371,Product C,Brand Z,Electronics,4.4,887,50,0.34,Large,3.53
1376,Product B,Brand X,Clothing,3.8,501,40,0.11,Medium,0.91
2614,Product C,Brand Y,Groceries,4.4,351,93,0.29,Small,7.76
8637,Product C,Brand Y,Toys,2.6,956,43,0.34,Small,6.83
10279,Product B,Brand X,Groceries,4.4,706,73,0.41,Medium,2.19
10404,Product B,Brand X,Groceries,3.4,269,38,0.3,Small,8.11
4881,Product D,Brand Y,Toys,2.3,771,27,0.28,Medium,2.16
10186,Product B,Brand Y,Furniture,3.9,830,16,0.33,Large,2.65
10373,Product E,Brand X,Groceries,3.6,24,52,0.22,Small,7.74
4823,Product A,Brand Z,Electronics,4.1,236,11,0.11,Large,2.06
5139,Product B,Brand Y,Groceries,2.9,656,13,0.12,Medium,0.44
10085,Product B,Brand Y,Groceries,1.6,783,56,0.39,Small,5.13
10337,Product D,Brand Y,Toys,2.6,266,90,0.29,Small,8.41
560,Product B,Brand X,Groceries,3.8,474,58,0.24,Small,4.93
9878,Product A,Brand X,Electronics,3.8,645,16,0.26,Medium,5.25
3121,Product A,Brand X,Toys,4.2,486,53,0.48,Medium,3.39
10116,Product D,Brand Y,Clothing,3.2,600,79,0.41,Large,5.57
10251,Product E,Brand Z,Furniture,1.4,850,50,0.22,Medium,4.38
10389,Product A,Brand Z,Clothing,3.9,662,64,0.23,Small,3.26
7928,Product C,Brand X,Groceries,2.6,54,21,0.31,Medium,9.32
9904,Product C,Brand Y,Furniture,1.3,225,94,0.3,Large,0.31
10210,Product A,Brand Y,Electronics,1.1,314,24,0.42,Large,0.87
10294,Product B,Brand Y,Groceries,4.6,21,89,0.06,Small,8.13
100,Product D,Brand Y,Toys,2.4,521,87,0.35,Large,6.68
5647,Product A,Brand Z,Toys,1.7,675,75,0.3,Large,1.78
6796,Product B,Brand Z,Toys,4.1,204,89,0.18,Large,8.13
6395,Product D,Brand Y,Furniture,1.5,10,33,0.18,Medium,7.63
10049,Product E,Brand Y,Furniture,3,952,53,0.31,Small,5.08
10292,Product C,Brand Z,Groceries,2,750,70,0.25,Large,8.16
10411,Product C,Brand X,Clothing,2.6,1000,53,0.12,Small,7.2
8917,Product D,Brand Y,Furniture,1.3,412,34,0.04,Small,1.52
9847,Product B,Brand Y,Clothing,1.9,205,19,0.38,Medium,3.57
9502,Product D,Brand X,Furniture,4.8,632,43,0.19,Small,4.61
10073,Product A,Brand Y,Electronics,5,278,21,0.19,Large,9.11
6224,Product A,Brand X,Groceries,3.6,19,14,0.09,Medium,9.57
9944,Product A,Brand Z,Groceries,1.6,648,76,0.19,Large,2.51
10119,Product E,Brand Y,Clothing,4.3,434,65,0.4,Large,8.11
10358,Product C,Brand Z,Toys,4.9,128,86,0.36,Small,6.37
10183,Product C,Brand Z,Clothing,1.3,743,47,0.2,Small,7.87
10353,Product C,Brand X,Groceries,1.7,484,32,0.43,Medium,2.52
4508,Product C,Brand Z,Clothing,4.7,183,43,0.39,Large,1.43
6232,Product B,Brand X,Clothing,4.7,849,3,0.32,Medium,4.82
10160,Product B,Brand Z,Toys,2.7,735,74,0.22,Large,2.36
10179,Product C,Brand Y,Groceries,4.2,790,32,0.2,Large,5.27
10322,Product C,Brand Y,Clothing,4.1,998,48,0.16,Large,0.48
10366,Product A,Brand Z,Electronics,2.2,578,45,0.25,Small,2.19
7605,Product D,Brand Z,Electronics,2.9,225,60,0.01,Small,7.72
9884,Product D,Brand Y,Toys,1.9,48,49,0.27,Medium,4.93
10112,Product A,Brand Y,Groceries,2.5,678,79,0.28,Large,6.3
10223,Product E,Brand X,Furniture,4.7,800,99,0.32,Small,6.4
8715,Product C,Brand X,Toys,4.9,48,10,0.33,Small,2.68
9967,Product B,Brand X,Clothing,2.3,670,54,0.1,Small,7.44
10064,Product D,Brand Z,Groceries,1.1,913,9,0.15,Small,5.03
10233,Product E,Brand Z,Groceries,3.3,690,100,0.44,Small,7.52
1674,Product B,Brand Z,Furniture,4.5,567,18,0.1,Large,4.08
3906,Product D,Brand Y,Groceries,3.2,826,70,0.14,Medium,4.17
10055,Product C,Brand X,Clothing,2.8,146,93,0.39,Medium,8.93
10137,Product C,Brand Y,Clothing,3.9,819,74,0.14,Small,1.88
1688,Product D,Brand Y,Toys,3,39,42,0.46,Medium,7.18
9968,Product B,Brand Z,Groceries,1.9,5,42,0.13,Large,9
10091,Product C,Brand X,Toys,1,20,17,0.45,Small,2.31
10321,Product A,Brand X,Furniture,3.5,555,32,0.38,Large,9.72
3391,Product C,Brand Y,Furniture,1.8,452,17,0.32,Small,7.24
9640,Product A,Brand Z,Groceries,4.3,724,67,0.21,Large,5.16
5258,Product C,Brand Y,Groceries,1.1,605,98,0.24,Large,1.13
10364,Product B,Brand Y,Clothing,3.2,292,90,0.36,Large,1.81
7691,Product B,Brand Z,Toys,4.7,222,50,0.19,Medium,7.34
6289,Product B,Brand X,Furniture,1.3,613,67,0.26,Small,4.76
10115,Product A,Brand Y,Furniture,3,474,57,0.35,Small,8.61
10214,Product C,Brand X,Toys,5,482,38,0.28,Large,7.74
10330,Product A,Brand Y,Furniture,2.8,120,7,0.14,Medium,9.81
7782,Product D,Brand Y,Electronics,3.9,833,93,0.48,Large,9.35
74,Product D,Brand X,Clothing,4.6,502,15,0.4,Small,2.66
7334,Product D,Brand Y,Clothing,1.8,479,88,0.02,Small,1.86
9894,Product B,Brand Z,Electronics,3.4,209,37,0.35,Small,0.97
10021,Product D,Brand Z,Furniture,2.6,25,63,0.39,Small,1.9
10248,Product A,Brand Y,Toys,1.1,178,31,0.32,Small,3.07
6919,Product B,Brand Z,Furniture,1.7,811,85,0.1,Large,1.07
8823,Product A,Brand Z,Groceries,4.8,543,92,0.27,Small,9.84
9273,Product B,Brand X,Toys,2,857,46,0.24,Small,0.9
5265,Product C,Brand Y,Clothing,4.5,609,43,0.11,Medium,2.25
10042,Product C,Brand X,Toys,4.6,312,62,0.1,Small,6.34
10343,Product C,Brand Z,Electronics,2.1,626,87,0.15,Small,3.55
10374,Product B,Brand Z,Groceries,1,554,90,0.32,Large,1.99
10032,Product E,Brand Y,Toys,1.3,898,98,0.38,Small,7.4
4171,Product A,Brand X,Furniture,1.8,334,35,0.16,Medium,4.97
5237,Product D,Brand X,Electronics,4.7,527,35,0.03,Large,7.21
6984,Product B,Brand X,Toys,2.9,351,3,0.24,Medium,0.79
10025,Product C,Brand Y,Clothing,2.2,645,69,0.16,Large,6.24
9913,Product A,Brand X,Clothing,1.9,588,24,0.11,Large,5.13
10097,Product B,Brand X,Clothing,1.2,980,12,0.23,Large,4.88
7781,Product D,Brand Y,Toys,2.7,434,70,0.09,Medium,9.12
3897,Product C,Brand X,Clothing,4,384,5,0.49,Medium,9.92
10135,Product D,Brand X,Clothing,4.7,188,21,0.19,Small,6.35
6025,Product C,Brand X,Clothing,3.8,172,25,0.39,Small,1.68
10034,Product A,Brand X,Clothing,4.9,205,31,0.09,Large,1.74
10118,Product E,Brand X,Groceries,3.1,363,37,0.33,Medium,3.97
10195,Product B,Brand X,Toys,2,948,83,0.12,Medium,1.32
10273,Product E,Brand Z,Toys,1.2,392,14,0.46,Large,4.04
10302,Product A,Brand Z,Electronics,1.9,257,31,0.41,Small,4.65
1067,Product A,Brand X,Electronics,3.5,354,72,0.34,Medium,8.85
6770,Product D,Brand X,Groceries,1.8,237,15,0.06,Large,0.93
10087,Product A,Brand X,Electronics,2.9,333,66,0.43,Medium,0.16
10180,Product D,Brand Y,Toys,2.5,34,63,0.1,Small,4.15
6662,Product C,Brand Z,Electronics,2.9,765,60,0.49,Large,9.4
10227,Product D,Brand X,Clothing,2.5,297,56,0.33,Small,4.08
10280,Product C,Brand Z,Furniture,3.9,85,57,0.15,Small,3.58
4854,Product D,Brand Y,Groceries,4.3,838,13,0.3,Medium,9.59
7229,Product C,Brand X,Furniture,2.6,369,65,0.33,Medium,7.17
9911,Product B,Brand Z,Electronics,3.8,178,59,0.23,Small,6.1
10104,Product B,Brand Z,Clothing,1.4,500,93,0.18,Large,9.77
10377,Product D,Brand X,Groceries,1.4,491,97,0.17,Large,1.01
10415,Product E,Brand X,Electronics,2.9,339,18,0.35,Small,2.55
10078,Product D,Brand X,Electronics,3.2,255,64,0.49,Medium,4.12
10161,Product C,Brand Z,Electronics,2.7,676,15,0.44,Medium,1.94
10173,Product E,Brand Z,Toys,4.8,265,0,0.3,Large,3.52
10239,Product C,Brand Z,Clothing,1.8,795,30,0.38,Large,1.09
8225,Product A,Brand X,Groceries,3.4,422,62,0.48,Small,0.65
1851,Product D,Brand Z,Electronics,2.5,449,69,0.09,Small,7.03
10008,Product E,Brand Z,Furniture,2.6,538,3,0.23,Large,2.38
10215,Product A,Brand Z,Toys,1.2,781,10,0.21,Medium,2.41
1877,Product A,Brand Z,Clothing,3.6,191,46,0.08,Medium,8.03
5335,Product A,Brand Z,Electronics,2.6,610,83,0.49,Large,1.29
10222,Product E,Brand Z,Furniture,2.6,319,73,0.36,Small,8.71
10361,Product C,Brand Y,Toys,3.8,735,10,0.41,Large,6.21
2168,Product A,Brand Z,Clothing,4.1,643,46,0.11,Small,0.12
5166,Product C,Brand Y,Groceries,3.5,630,56,0.35,Large,0.76
9299,Product D,Brand Y,Electronics,1.6,968,15,0.15,Large,8
9870,Product C,Brand X,Furniture,3.4,808,21,0.49,Medium,9.7
9877,Product E,Brand Y,Electronics,4.6,581,65,0.28,Small,9.1
10030,Product B,Brand Z,Toys,2.8,246,39,0.1,Small,2.63
10156,Product A,Brand Y,Clothing,4.2,571,62,0.23,Medium,2.17
10417,Product A,Brand Y,Furniture,1.2,402,20,0.49,Medium,5.16
10056,Product B,Brand X,Furniture,4.3,757,89,0.39,Small,2.99
6664,Product D,Brand X,Clothing,2.4,639,98,0.15,Medium,8.07
8929,Product A,Brand Y,Clothing,3.7,123,67,0.12,Small,6.93
5390,Product B,Brand Z,Electronics,2.5,764,21,0.21,Small,1.99
10127,Product E,Brand X,Groceries,3.8,342,19,0.49,Large,7.99
10399,Product D,Brand Z,Toys,2.8,537,94,0.12,Medium,5.75
3064,Product C,Brand X,Groceries,1.6,193,73,0.36,Large,7.07
9994,Product B,Brand Z,Electronics,1.6,162,62,0.38,Large,6.65
10164,Product D,Brand X,Toys,3.1,823,62,0.13,Small,1.23
10237,Product A,Brand Y,Clothing,4.9,81,88,0.43,Large,0.37
2834,Product D,Brand Y,Clothing,1.6,77,38,0.26,Small,4.7
8382,Product C,Brand Z,Clothing,4.3,492,71,0.01,Medium,0.39
10054,Product D,Brand X,Groceries,1.4,383,77,0.11,Small,2.07
9402,Product A,Brand Y,Furniture,4.7,181,30,0.06,Small,3.08
10285,Product D,Brand X,Groceries,2.6,85,14,0.38,Small,8.95
9862,Product B,Brand X,Groceries,1.7,214,6,0.39,Small,7.73
10010,Product E,Brand Z,Electronics,1.9,622,57,0.03,Large,3.69
10081,Product A,Brand Z,Toys,2.3,372,41,0.14,Medium,7.9
10418,Product E,Brand X,Electronics,3.9,293,77,0.35,Small,9.14
5337,Product C,Brand Z,Furniture,2.8,133,9,0.3,Medium,3.11
9916,Product B,Brand X,Groceries,4.2,428,51,0.36,Medium,2.68
10153,Product D,Brand Y,Furniture,3.2,54,38,0.41,Large,5.33
10395,Product D,Brand Z,Groceries,3.9,180,48,0.26,Small,1.27
5962,Product B,Brand Z,Clothing,4.3,986,73,0.24,Small,5.25
4504,Product B,Brand Z,Toys,4.5,50,26,0.25,Medium,1.56
9893,Product D,Brand Y,Clothing,3,505,47,0.24,Medium,3.62
9974,Product B,Brand Y,Furniture,3.4,142,6,0.2,Medium,3.02
10345,Product D,Brand X,Electronics,4.8,469,48,0.21,Large,4.19
7971,Product A,Brand Z,Electronics,4.3,178,25,0.3,Large,2.52
4295,Product B,Brand X,Groceries,3.1,680,43,0.02,Large,5.91
9963,Product B,Brand Z,Toys,2.5,908,49,0.08,Small,4.39
10166,Product A,Brand X,Clothing,1.9,66,87,0.01,Large,4.02
10194,Product C,Brand Z,Furniture,3.6,292,62,0.36,Small,9.61
5142,Product B,Brand X,Toys,4.6,312,14,0.08,Medium,0.23
9042,Product B,Brand Z,Clothing,3.1,847,63,0.14,Medium,5.51
8961,Product A,Brand Z,Clothing,4,539,51,0.13,Medium,3.96
949,Product B,Brand X,Toys,4.2,90,94,0.4,Large,7.4
9890,Product A,Brand X,Toys,3.5,708,41,0.2,Small,7.07
10208,Product C,Brand X,Groceries,3.2,35,20,0.49,Large,7.56
10324,Product E,Brand X,Toys,2.9,300,3,0.18,Small,8.47
8141,Product C,Brand Z,Clothing,3.2,603,40,0.29,Medium,1.61
578,Product B,Brand Y,Furniture,1.9,276,72,0.03,Medium,9.4
5572,Product A,Brand Z,Toys,2.1,487,25,0.48,Small,9.82
4035,Product B,Brand Y,Groceries,2.8,274,54,0.2,Large,7.27
9980,Product B,Brand Z,Groceries,3.7,798,2,0.21,Small,1.03
10069,Product A,Brand Y,Groceries,1.3,436,45,0.35,Small,8.33
10197,Product E,Brand Z,Furniture,3.9,955,68,0.09,Small,5.8
10276,Product D,Brand Y,Clothing,2.8,314,44,0.33,Small,3.4
3445,Product A,Brand Y,Furniture,2.4,585,17,0.43,Medium,2.81
3032,Product D,Brand X,Clothing,5,742,13,0.48,Small,6.59
826,Product B,Brand X,Toys,2.1,977,20,0.14,Small,5.24
9895,Product D,Brand Z,Furniture,4.9,887,22,0.27,Large,2.44
8418,Product D,Brand Y,Electronics,1.7,210,33,0.16,Small,9.52
10018,Product C,Brand Y,Furniture,2.4,181,77,0.17,Small,0.89
10084,Product A,Brand Z,Toys,1.1,650,7,0.27,Small,6.8
10256,Product B,Brand Y,Furniture,2.6,467,1,0.25,Large,9.47
8534,Product B,Brand X,Toys,2.1,541,5,0.12,Medium,0.8
9062,Product A,Brand X,Electronics,2.5,319,10,0.42,Medium,8.62
196,Product D,Brand Z,Toys,4.9,901,5,0.13,Medium,5.89
10040,Product C,Brand Z,Clothing,2.7,392,15,0.44,Medium,5.91
10226,Product D,Brand Z,Clothing,4.3,997,64,0.04,Large,4.71
10375,Product D,Brand X,Groceries,4.8,985,98,0.46,Medium,5.43
6878,Product A,Brand Y,Furniture,2,912,57,0.31,Large,0.11
10089,Product D,Brand Z,Groceries,3.3,619,54,0.07,Medium,1.96
3697,Product B,Brand Z,Groceries,4.9,903,72,0.42,Medium,9.65
7148,Product C,Brand Y,Toys,3.8,250,81,0.45,Small,4.67
10142,Product B,Brand Z,Groceries,4.3,706,23,0.41,Medium,9.41
6892,Product A,Brand X,Groceries,4.3,623,80,0.3,Small,2.37
1562,Product B,Brand X,Toys,3.1,981,91,0.12,Large,1.96
4186,Product C,Brand Z,Clothing,4.7,359,48,0.15,Small,9.77
6825,Product B,Brand Y,Furniture,4.8,128,17,0.27,Large,5.51
6072,Product C,Brand Z,Toys,2,464,53,0.38,Medium,6.99
3277,Product C,Brand Y,Groceries,2.9,299,65,0.22,Small,6.11
9898,Product A,Brand Z,Toys,4.2,570,67,0.22,Medium,4.62
10072,Product C,Brand Z,Toys,3.1,307,27,0.43,Medium,8.2
568,Product C,Brand Y,Clothing,4.2,141,47,0.36,Large,7.57
10260,Product A,Brand X,Groceries,3.2,359,1,0.3,Small,5.93
7414,Product C,Brand Y,Groceries,3.5,327,6,0.11,Small,4.4
5413,Product D,Brand X,Toys,1.5,558,25,0.1,Medium,7.82
8848,Product D,Brand Z,Clothing,4.7,262,74,0.03,Small,9.37
10249,Product A,Brand Y,Furniture,1,847,58,0.41,Medium,4.76
3338,Product A,Brand Y,Electronics,1.4,385,84,0.06,Large,4.75
3286,Product B,Brand Z,Electronics,1.8,510,89,0.38,Medium,2.86
8710,Product C,Brand X,Toys,1.4,230,48,0.05,Medium,8.33
9976,Product C,Brand X,Groceries,3.1,387,55,0.5,Medium,2.54
10061,Product D,Brand X,Groceries,2.6,352,78,0.32,Medium,7.41
10131,Product C,Brand X,Toys,1.3,631,31,0.34,Small,6.2
1928,Product D,Brand X,Groceries,4.1,203,44,0.35,Small,1.68
29,Product A,Brand X,Clothing,3,853,29,0.21,Large,4.25
10300,Product E,Brand Z,Furniture,4.8,752,1,0.13,Large,2.76
10331,Product C,Brand Y,Toys,3.7,338,72,0.12,Medium,4.48
8443,Product B,Brand Y,Clothing,2.6,341,97,0.33,Large,9.04
8767,Product D,Brand Y,Clothing,3.4,438,51,0.17,Medium,1.89
2551,Product D,Brand Y,Toys,1.7,957,75,0.34,Small,1.97
9930,Product E,Brand Z,Clothing,4.5,371,46,0.33,Small,7.92
9983,Product A,Brand Z,Groceries,3.4,47,21,0.09,Large,9.23
10003,Product D,Brand Y,Clothing,4.9,701,99,0.31,Small,3.33
10154,Product B,Brand X,Electronics,2.2,481,43,0.42,Large,4.66
7077,Product A,Brand Z,Groceries,3.3,502,84,0.2,Small,9.95
140,Product C,Brand Z,Toys,1.5,956,0,0.18,Large,1
10094,Product C,Brand X,Toys,2.4,801,7,0.5,Large,1
10168,Product A,Brand Z,Furniture,4.6,821,96,0.01,Large,2.47
10329,Product A,Brand X,Electronics,2.7,712,39,0.26,Small,2.34
10409,Product A,Brand X,Electronics,1.2,514,48,0.03,Large,3.73
5392,Product D,Brand Y,Clothing,3.3,928,78,0.43,Small,8.09
1201,Product A,Brand X,Clothing,1.2,890,90,0.01,Medium,0.56
5823,Product D,Brand X,Groceries,4.3,689,79,0.08,Medium,6.53
10318,Product D,Brand Y,Toys,1.8,599,68,0.24,Large,5.95
8087,Product B,Brand Z,Groceries,1.5,928,95,0.38,Small,4.46
3066,Product C,Brand X,Toys,4.8,435,21,0.11,Medium,5.33
3402,Product C,Brand X,Furniture,1.9,493,14,0.34,Medium,6.69
4609,Product C,Brand Y,Furniture,4.1,189,86,0.46,Medium,1.79
668,Product C,Brand X,Clothing,2.7,704,67,0.3,Large,4.37
1095,Product A,Brand X,Toys,2.5,909,18,0.06,Large,2.99
8348,Product B,Brand Z,Toys,4.3,253,54,0.02,Medium,9.4
8528,Product D,Brand X,Clothing,4.1,895,64,0.2,Medium,5.87
9942,Product B,Brand Y,Toys,2.1,585,100,0.13,Large,2.58
6616,Product A,Brand Z,Furniture,3.4,344,14,0.3,Medium,2.02
1141,Product C,Brand Y,Electronics,1.8,819,72,0.04,Small,2.01
10057,Product A,Brand X,Furniture,4.5,18,34,0.45,Large,8.07
10190,Product C,Brand X,Furniture,1.2,432,78,0.08,Small,6.49
10059,Product C,Brand Y,Clothing,4.6,149,23,0.17,Large,6.75
10092,Product C,Brand Z,Groceries,2.7,116,20,0.38,Small,6.55
10293,Product B,Brand X,Furniture,4.1,993,26,0.19,Small,5.39
10308,Product B,Brand Z,Electronics,4.2,168,20,0.08,Large,5.76
8010,Product C,Brand X,Electronics,4.5,523,91,0.33,Large,2.13
4685,Product C,Brand Y,Groceries,1,970,38,0,Small,2.07
484,Product A,Brand Y,Groceries,2.3,208,61,0.15,Large,1.31
9925,Product B,Brand Y,Toys,2.2,755,35,0.01,Small,2.41
1251,Product C,Brand X,Electronics,2.4,870,12,0.08,Small,3.12
10310,Product C,Brand Y,Toys,4.1,795,88,0.1,Small,3.9
2416,Product B,Brand Y,Electronics,3.8,951,92,0.34,Large,4.3
10258,Product C,Brand X,Electronics,3.4,271,63,0.18,Large,6.62
1992,Product A,Brand X,Groceries,4.3,932,77,0.08,Small,7.53
5173,Product B,Brand X,Toys,3,533,17,0.22,Small,0.98
4404,Product B,Brand Z,Electronics,1.5,528,4,0.25,Medium,6.79
7351,Product B,Brand Z,Furniture,4,418,25,0.2,Medium,0.4
10406,Product D,Brand X,Clothing,1.9,563,46,0.33,Small,9.55
6986,Product B,Brand X,Electronics,1.4,88,15,0.3,Medium,3.07
4642,Product C,Brand Y,Clothing,2.9,992,81,0.17,Large,6.75
3695,Product C,Brand Y,Electronics,3.2,827,12,0.17,Large,2.51
10038,Product E,Brand Z,Furniture,1.7,161,72,0.39,Small,7.83
10048,Product B,Brand Y,Groceries,3.3,900,55,0.13,Small,4.34
10403,Product B,Brand Y,Furniture,1.6,476,89,0.34,Medium,0.6
10101,Product A,Brand X,Electronics,3.8,618,94,0.31,Large,5.12
10171,Product D,Brand X,Clothing,4.9,935,52,0.11,Small,9.89
5306,Product B,Brand Y,Groceries,1.9,849,0,0.13,Large,4.04
10269,Product C,Brand Z,Electronics,3.4,695,76,0.32,Large,4.33
7739,Product A,Brand X,Clothing,3.6,356,61,0.03,Large,8.38
6216,Product D,Brand X,Furniture,1.8,720,33,0.49,Medium,2.06
280,Product C,Brand Z,Furniture,3.1,110,83,0.36,Small,1.65
10419,Product B,Brand Y,Toys,4.7,985,90,0.12,Small,9.53
1804,Product B,Brand Y,Furniture,3.8,303,22,0.44,Small,8.99
1149,Product D,Brand Y,Clothing,1.6,704,43,0.05,Medium,1.49
5855,Product A,Brand Y,Toys,3,745,85,0.11,Medium,3.27
10122,Product A,Brand Z,Groceries,2.9,774,1,0.04,Medium,5.36
10340,Product D,Brand X,Furniture,2.4,583,2,0.07,Large,7.75
6068,Product B,Brand Z,Electronics,1.2,895,16,0.43,Small,4.93
9906,Product C,Brand Z,Electronics,2.2,479,81,0.16,Small,2.86
9962,Product C,Brand Y,Groceries,4.1,575,22,0.32,Large,5.01
9966,Product C,Brand Y,Groceries,2.5,578,66,0.09,Large,6.77
8507,Product A,Brand X,Furniture,1,330,2,0.22,Medium,6.75
8618,Product C,Brand X,Electronics,1.7,823,59,0.2,Large,7.19
10187,Product C,Brand Y,Furniture,2.6,152,40,0.43,Medium,0.42
8901,Product D,Brand Z,Toys,2.9,551,45,0.36,Small,1.97
9881,Product D,Brand X,Electronics,4.8,55,98,0.48,Medium,3.14
10144,Product A,Brand Y,Furniture,1.5,22,32,0.44,Small,1.2
10306,Product B,Brand Z,Electronics,3.3,670,36,0.21,Small,7.41
3009,Product C,Brand Z,Groceries,1.6,939,28,0.23,Small,0.76
991,Product B,Brand X,Clothing,1.8,879,79,0.44,Small,6.85
4039,Product C,Brand X,Groceries,4.4,401,34,0.08,Small,8.43
9875,Product A,Brand Y,Furniture,4,843,59,0.47,Large,7.66
10027,Product A,Brand Y,Clothing,3.1,416,2,0.39,Large,4.46
687,Product C,Brand X,Electronics,2.2,465,3,0.33,Large,4.43
4457,Product B,Brand Y,Groceries,1.1,892,96,0.31,Small,5.13
9891,Product D,Brand Z,Clothing,3.1,923,92,0.2,Large,5.52
10152,Product D,Brand X,Clothing,2.1,475,76,0.46,Large,4.97
10163,Product B,Brand X,Furniture,4.9,550,2,0.01,Small,7.58
1819,Product A,Brand X,Groceries,4.5,321,65,0.16,Medium,2.73
5360,Product A,Brand X,Toys,4,925,66,0.09,Small,3.76
9896,Product B,Brand Y,Toys,3.6,398,73,0.15,Small,4.89
10099,Product C,Brand Z,Electronics,2.2,371,49,0.31,Large,3.82
10407,Product A,Brand X,Electronics,2.8,358,36,0.26,Large,8.49
7392,Product D,Brand X,Toys,1.3,13,5,0.5,Small,2.26
1621,Product B,Brand Y,Clothing,2.2,934,38,0.42,Medium,1.83
10157,Product D,Brand X,Toys,4.7,212,100,0.22,Small,2.38