date_sk,full_date,year,quarter,month,month_name,week_of_year,day,day_of_week,day_name
20231004,2023-10-04,2023,4,10,October,40,4,4,Wednesday
20210709,2021-07-09,2021,3,7,July,27,9,6,Friday
20210718,2021-07-18,2021,3,7,July,28,18,1,Sunday
20231117,2023-11-17,2023,4,11,November,46,17,6,Friday
20230715,2023-07-15,2023,3,7,July,28,15,7,Saturday
20221025,2022-10-25,2022,4,10,October,43,25,3,Tuesday
20210423,2021-04-23,2021,2,4,April,16,23,6,Friday
20210402,2021-04-02,2021,2,4,April,13,2,6,Friday
20220520,2022-05-20,2022,2,5,May,20,20,6,Friday
20210619,2021-06-19,2021,2,6,June,24,19,7,Saturday
20200218,2020-02-18,2020,1,2,February,8,18,3,Tuesday
20220615,2022-06-15,2022,2,6,June,24,15,4,Wednesday
20200219,2020-02-19,2020,1,2,February,8,19,4,Wednesday
20231219,2023-12-19,2023,4,12,December,51,19,3,Tuesday
20211008,2021-10-08,2021,4,10,October,40,8,6,Friday
20210403,2021-04-03,2021,2,4,April,13,3,7,Saturday
20220225,2022-02-25,2022,1,2,February,8,25,6,Friday
20231128,2023-11-28,2023,4,11,November,48,28,3,Tuesday
20230217,2023-02-17,2023,1,2,February,7,17,6,Friday
20221116,2022-11-16,2022,4,11,November,46,16,4,Wednesday
20230801,2023-08-01,2023,3,8,August,31,1,3,Tuesday
20220314,2022-03-14,2022,1,3,March,11,14,2,Monday
20210827,2021-08-27,2021,3,8,August,34,27,6,Friday
20210821,2021-08-21,2021,3,8,August,33,21,7,Saturday
20220706,2022-07-06,2022,3,7,July,27,6,4,Wednesday
20220427,2022-04-27,2022,2,4,April,17,27,4,Wednesday
20231114,2023-11-14,2023,4,11,November,46,14,3,Tuesday
20230224,2023-02-24,2023,1,2,February,8,24,6,Friday
20220329,2022-03-29,2022,1,3,March,13,29,3,Tuesday
20210511,2021-05-11,2021,2,5,May,19,11,3,Tuesday
20221028,2022-10-28,2022,4,10,October,43,28,6,Friday
20200702,2020-07-02,2020,3,7,July,27,2,5,Thursday
20230504,2023-05-04,2023,2,5,May,18,4,5,Thursday
20220219,2022-02-19,2022,1,2,February,7,19,7,Saturday
20200901,2020-09-01,2020,3,9,September,36,1,3,Tuesday
20210708,2021-07-08,2021,3,7,July,27,8,5,Thursday
20230203,2023-02-03,2023,1,2,February,5,3,6,Friday
20210611,2021-06-11,2021,2,6,June,23,11,6,Friday
20200716,2020-07-16,2020,3,7,July,29,16,5,Thursday
20200803,2020-08-03,2020,3,8,August,32,3,2,Monday
20210919,2021-09-19,2021,3,9,September,37,19,1,Sunday
20200403,2020-04-03,2020,2,4,April,14,3,6,Friday
20210629,2021-06-29,2021,2,6,June,26,29,3,Tuesday
20210825,2021-08-25,2021,3,8,August,34,25,4,Wednesday
20210322,2021-03-22,2021,1,3,March,12,22,2,Monday
20210616,2021-06-16,2021,2,6,June,24,16,4,Wednesday
20231009,2023-10-09,2023,4,10,October,41,9,2,Monday
20201022,2020-10-22,2020,4,10,October,43,22,5,Thursday
20231026,2023-10-26,2023,4,10,October,43,26,5,Thursday
20230321,2023-03-21,2023,1,3,March,12,21,3,Tuesday
20220703,2022-07-03,2022,3,7,July,26,3,1,Sunday
20220302,2022-03-02,2022,1,3,March,9,2,4,Wednesday
20220521,2022-05-21,2022,2,5,May,20,21,7,Saturday
20230505,2023-05-05,2023,2,5,May,18,5,6,Friday
20220328,2022-03-28,2022,1,3,March,13,28,2,Monday
20230603,2023-06-03,2023,2,6,June,22,3,7,Saturday
20231220,2023-12-20,2023,4,12,December,51,20,4,Wednesday
20221219,2022-12-19,2022,4,12,December,51,19,2,Monday
20230211,2023-02-11,2023,1,2,February,6,11,7,Saturday
20230529,2023-05-29,2023,2,5,May,22,29,2,Monday
20220404,2022-04-04,2022,2,4,April,14,4,2,Monday
20220531,2022-05-31,2022,2,5,May,22,31,3,Tuesday
20230622,2023-06-22,2023,2,6,June,25,22,5,Thursday
20220504,2022-05-04,2022,2,5,May,18,4,4,Wednesday
20220809,2022-08-09,2022,3,8,August,32,9,3,Tuesday
20230812,2023-08-12,2023,3,8,August,32,12,7,Saturday
20210120,2021-01-20,2021,1,1,January,3,20,4,Wednesday
20210413,2021-04-13,2021,2,4,April,15,13,3,Tuesday
20200228,2020-02-28,2020,1,2,February,9,28,6,Friday
20200321,2020-03-21,2020,1,3,March,12,21,7,Saturday
20200730,2020-07-30,2020,3,7,July,31,30,5,Thursday
20220117,2022-01-17,2022,1,1,January,3,17,2,Monday
20221010,2022-10-10,2022,4,10,October,41,10,2,Monday
20200414,2020-04-14,2020,2,4,April,16,14,3,Tuesday
20210716,2021-07-16,2021,3,7,July,28,16,6,Friday
20220906,2022-09-06,2022,3,9,September,36,6,3,Tuesday
20210712,2021-07-12,2021,3,7,July,28,12,2,Monday
20230506,2023-05-06,2023,2,5,May,18,6,7,Saturday
20220224,2022-02-24,2022,1,2,February,8,24,5,Thursday
20210221,2021-02-21,2021,1,2,February,7,21,1,Sunday
20211102,2021-11-02,2021,4,11,November,44,2,3,Tuesday
20231120,2023-11-20,2023,4,11,November,47,20,2,Monday
20221129,2022-11-29,2022,4,11,November,48,29,3,Tuesday
20230624,2023-06-24,2023,2,6,June,25,24,7,Saturday
20210323,2021-03-23,2021,1,3,March,12,23,3,Tuesday
20201024,2020-10-24,2020,4,10,October,43,24,7,Saturday
20210724,2021-07-24,2021,3,7,July,29,24,7,Saturday
20220405,2022-04-05,2022,2,4,April,14,5,3,Tuesday
20201225,2020-12-25,2020,4,12,December,52,25,6,Friday
20200330,2020-03-30,2020,1,3,March,14,30,2,Monday
20231103,2023-11-03,2023,4,11,November,44,3,6,Friday
20210515,2021-05-15,2021,2,5,May,19,15,7,Saturday
20220425,2022-04-25,2022,2,4,April,17,25,2,Monday
20230517,2023-05-17,2023,2,5,May,20,17,4,Wednesday
20210806,2021-08-06,2021,3,8,August,31,6,6,Friday
20210530,2021-05-30,2021,2,5,May,21,30,1,Sunday
20221006,2022-10-06,2022,4,10,October,40,6,5,Thursday
20200429,2020-04-29,2020,2,4,April,18,29,4,Wednesday
20211119,2021-11-19,2021,4,11,November,46,19,6,Friday
20201123,2020-11-23,2020,4,11,November,48,23,2,Monday
20230628,2023-06-28,2023,2,6,June,26,28,4,Wednesday
20221231,2022-12-31,2022,4,12,December,52,31,7,Saturday
20221031,2022-10-31,2022,4,10,October,44,31,2,Monday
20231108,2023-11-08,2023,4,11,November,45,8,4,Wednesday
20200229,2020-02-29,2020,1,2,February,9,29,7,Saturday
20220213,2022-02-13,2022,1,2,February,6,13,1,Sunday
20200322,2020-03-22,2020,1,3,March,12,22,1,Sunday
20210428,2021-04-28,2021,2,4,April,17,28,4,Wednesday
20220401,2022-04-01,2022,2,4,April,13,1,6,Friday
20220211,2022-02-11,2022,1,2,February,6,11,6,Friday
20231021,2023-10-21,2023,4,10,October,42,21,7,Saturday
20220331,2022-03-31,2022,1,3,March,13,31,5,Thursday
20211002,2021-10-02,2021,4,10,October,39,2,7,Saturday
20210131,2021-01-31,2021,1,1,January,4,31,1,Sunday
20211126,2021-11-26,2021,4,11,November,47,26,6,Friday
20220616,2022-06-16,2022,2,6,June,24,16,5,Thursday
20230410,2023-04-10,2023,2,4,April,15,10,2,Monday
20220510,2022-05-10,2022,2,5,May,19,10,3,Tuesday
20220513,2022-05-13,2022,2,5,May,19,13,6,Friday
20231211,2023-12-11,2023,4,12,December,50,11,2,Monday
20230501,2023-05-01,2023,2,5,May,18,1,2,Monday
20230512,2023-05-12,2023,2,5,May,19,12,6,Friday
20220407,2022-04-07,2022,2,4,April,14,7,5,Thursday
20231205,2023-12-05,2023,4,12,December,49,5,3,Tuesday
20230606,2023-06-06,2023,2,6,June,23,6,3,Tuesday
20220917,2022-09-17,2022,3,9,September,37,17,7,Saturday
20230418,2023-04-18,2023,2,4,April,16,18,3,Tuesday
20230502,2023-05-02,2023,2,5,May,18,2,3,Tuesday
20230108,2023-01-08,2023,1,1,January,1,8,1,Sunday
20230511,2023-05-11,2023,2,5,May,19,11,5,Thursday
20200811,2020-08-11,2020,3,8,August,33,11,3,Tuesday
20220423,2022-04-23,2022,2,4,April,16,23,7,Saturday
20230421,2023-04-21,2023,2,4,April,16,21,6,Friday
20230524,2023-05-24,2023,2,5,May,21,24,4,Wednesday
20200712,2020-07-12,2020,3,7,July,28,12,1,Sunday
20210828,2021-08-28,2021,3,8,August,34,28,7,Saturday
20220418,2022-04-18,2022,2,4,April,16,18,2,Monday
20220324,2022-03-24,2022,1,3,March,12,24,5,Thursday
20210302,2021-03-02,2021,1,3,March,9,2,3,Tuesday
20231202,2023-12-02,2023,4,12,December,48,2,7,Saturday
20200713,2020-07-13,2020,3,7,July,29,13,2,Monday
20211104,2021-11-04,2021,4,11,November,44,4,5,Thursday
20220511,2022-05-11,2022,2,5,May,19,11,4,Wednesday
20230330,2023-03-30,2023,1,3,March,13,30,5,Thursday
20210315,2021-03-15,2021,1,3,March,11,15,2,Monday
20200620,2020-06-20,2020,2,6,June,25,20,7,Saturday
20220822,2022-08-22,2022,3,8,August,34,22,2,Monday
20230204,2023-02-04,2023,1,2,February,5,4,7,Saturday
20200629,2020-06-29,2020,2,6,June,27,29,2,Monday
20230907,2023-09-07,2023,3,9,September,36,7,5,Thursday
20230429,2023-04-29,2023,2,4,April,17,29,7,Saturday
20201009,2020-10-09,2020,4,10,October,41,9,6,Friday
20210926,2021-09-26,2021,3,9,September,38,26,1,Sunday
20200416,2020-04-16,2020,2,4,April,16,16,5,Thursday
20220420,2022-04-20,2022,2,4,April,16,20,4,Wednesday
20230721,2023-07-21,2023,3,7,July,29,21,6,Friday
20220817,2022-08-17,2022,3,8,August,33,17,4,Wednesday
20200709,2020-07-09,2020,3,7,July,28,9,5,Thursday
20210330,2021-03-30,2021,1,3,March,13,30,3,Tuesday
20221018,2022-10-18,2022,4,10,October,42,18,3,Tuesday
20200610,2020-06-10,2020,2,6,June,24,10,4,Wednesday
20200205,2020-02-05,2020,1,2,February,6,5,4,Wednesday
20200311,2020-03-11,2020,1,3,March,11,11,4,Wednesday
20200609,2020-06-09,2020,2,6,June,24,9,3,Tuesday
20210202,2021-02-02,2021,1,2,February,5,2,3,Tuesday
20230905,2023-09-05,2023,3,9,September,36,5,3,Tuesday
20230328,2023-03-28,2023,1,3,March,13,28,3,Tuesday
20210810,2021-08-10,2021,3,8,August,32,10,3,Tuesday
20230901,2023-09-01,2023,3,9,September,35,1,6,Friday
20220815,2022-08-15,2022,3,8,August,33,15,2,Monday
20221126,2022-11-26,2022,4,11,November,47,26,7,Saturday
20230629,2023-06-29,2023,2,6,June,26,29,5,Thursday
20220715,2022-07-15,2022,3,7,July,28,15,6,Friday
20210731,2021-07-31,2021,3,7,July,30,31,7,Saturday
20200109,2020-01-09,2020,1,1,January,2,9,5,Thursday
20231209,2023-12-09,2023,4,12,December,49,9,7,Saturday
20201017,2020-10-17,2020,4,10,October,42,17,7,Saturday
20230730,2023-07-30,2023,3,7,July,30,30,1,Sunday
20201119,2020-11-19,2020,4,11,November,47,19,5,Thursday
20230809,2023-08-09,2023,3,8,August,32,9,4,Wednesday
20230912,2023-09-12,2023,3,9,September,37,12,3,Tuesday
20220811,2022-08-11,2022,3,8,August,32,11,5,Thursday
20230216,2023-02-16,2023,1,2,February,7,16,5,Thursday
20230318,2023-03-18,2023,1,3,March,11,18,7,Saturday
20230120,2023-01-20,2023,1,1,January,3,20,6,Friday
20230702,2023-07-02,2023,3,7,July,26,2,1,Sunday
20220415,2022-04-15,2022,2,4,April,15,15,6,Friday
20220820,2022-08-20,2022,3,8,August,33,20,7,Saturday
20220702,2022-07-02,2022,3,7,July,26,2,7,Saturday
20221226,2022-12-26,2022,4,12,December,52,26,2,Monday
20221110,2022-11-10,2022,4,11,November,45,10,5,Thursday
20220705,2022-07-05,2022,3,7,July,27,5,3,Tuesday
20220307,2022-03-07,2022,1,3,March,10,7,2,Monday
20220127,2022-01-27,2022,1,1,January,4,27,5,Thursday
20220912,2022-09-12,2022,3,9,September,37,12,2,Monday
20230916,2023-09-16,2023,3,9,September,37,16,7,Saturday
20210303,2021-03-03,2021,1,3,March,9,3,4,Wednesday
20220430,2022-04-30,2022,2,4,April,17,30,7,Saturday
20221130,2022-11-30,2022,4,11,November,48,30,4,Wednesday
20200723,2020-07-23,2020,3,7,July,30,23,5,Thursday
20210507,2021-05-07,2021,2,5,May,18,7,6,Friday
20211216,2021-12-16,2021,4,12,December,50,16,5,Thursday
20230820,2023-08-20,2023,3,8,August,33,20,1,Sunday
20221114,2022-11-14,2022,4,11,November,46,14,2,Monday
20200708,2020-07-08,2020,3,7,July,28,8,4,Wednesday
20200427,2020-04-27,2020,2,4,April,18,27,2,Monday
20200909,2020-09-09,2020,3,9,September,37,9,4,Wednesday
20220806,2022-08-06,2022,3,8,August,31,6,7,Saturday
20220308,2022-03-08,2022,1,3,March,10,8,3,Tuesday
20220130,2022-01-30,2022,1,1,January,4,30,1,Sunday
20230419,2023-04-19,2023,2,4,April,16,19,4,Wednesday
20220603,2022-06-03,2022,2,6,June,22,3,6,Friday
20200506,2020-05-06,2020,2,5,May,19,6,4,Wednesday
20210803,2021-08-03,2021,3,8,August,31,3,3,Tuesday
20220526,2022-05-26,2022,2,5,May,21,26,5,Thursday
20210308,2021-03-08,2021,1,3,March,10,8,2,Monday
20200917,2020-09-17,2020,3,9,September,38,17,5,Thursday
20211124,2021-11-24,2021,4,11,November,47,24,4,Wednesday
20210730,2021-07-30,2021,3,7,July,30,30,6,Friday
20200611,2020-06-11,2020,2,6,June,24,11,5,Thursday
20210726,2021-07-26,2021,3,7,July,30,26,2,Monday
20220212,2022-02-12,2022,1,2,February,6,12,7,Saturday
20220128,2022-01-28,2022,1,1,January,4,28,6,Friday
20230903,2023-09-03,2023,3,9,September,35,3,1,Sunday
20200921,2020-09-21,2020,3,9,September,39,21,2,Monday
20210914,2021-09-14,2021,3,9,September,37,14,3,Tuesday
20221004,2022-10-04,2022,4,10,October,40,4,3,Tuesday
20221011,2022-10-11,2022,4,10,October,41,11,3,Tuesday
20221221,2022-12-21,2022,4,12,December,51,21,4,Wednesday
20200226,2020-02-26,2020,1,2,February,9,26,4,Wednesday
20230415,2023-04-15,2023,2,4,April,15,15,7,Saturday
20200221,2020-02-21,2020,1,2,February,8,21,6,Friday
20230924,2023-09-24,2023,3,9,September,38,24,1,Sunday
20230716,2023-07-16,2023,3,7,July,28,16,1,Sunday
20200701,2020-07-01,2020,3,7,July,27,1,4,Wednesday
20230113,2023-01-13,2023,1,1,January,2,13,6,Friday
20230430,2023-04-30,2023,2,4,April,17,30,1,Sunday
20220916,2022-09-16,2022,3,9,September,37,16,6,Friday
20230806,2023-08-06,2023,3,8,August,31,6,1,Sunday
20230625,2023-06-25,2023,2,6,June,25,25,1,Sunday
20220819,2022-08-19,2022,3,8,August,33,19,6,Friday
20200710,2020-07-10,2020,3,7,July,28,10,6,Friday
20200326,2020-03-26,2020,1,3,March,13,26,5,Thursday
20220625,2022-06-25,2022,2,6,June,25,25,7,Saturday
20230409,2023-04-09,2023,2,4,April,14,9,1,Sunday
20220725,2022-07-25,2022,3,7,July,30,25,2,Monday
20230722,2023-07-22,2023,3,7,July,29,22,7,Saturday
20231217,2023-12-17,2023,4,12,December,50,17,1,Sunday
20231019,2023-10-19,2023,4,10,October,42,19,5,Thursday
20230929,2023-09-29,2023,3,9,September,39,29,6,Friday
20220729,2022-07-29,2022,3,7,July,30,29,6,Friday
20221119,2022-11-19,2022,4,11,November,46,19,7,Saturday
20231106,2023-11-06,2023,4,11,November,45,6,2,Monday
20230928,2023-09-28,2023,3,9,September,39,28,5,Thursday
20230102,2023-01-02,2023,1,1,January,1,2,2,Monday
20230709,2023-07-09,2023,3,7,July,27,9,1,Sunday
20221112,2022-11-12,2022,4,11,November,45,12,7,Saturday
20230811,2023-08-11,2023,3,8,August,32,11,6,Friday
20220622,2022-06-22,2022,2,6,June,25,22,4,Wednesday
20221012,2022-10-12,2022,4,10,October,41,12,4,Wednesday
20230311,2023-03-11,2023,1,3,March,10,11,7,Saturday
20231118,2023-11-18,2023,4,11,November,46,18,7,Saturday
20220828,2022-08-28,2022,3,8,August,34,28,1,Sunday
20201115,2020-11-15,2020,4,11,November,46,15,1,Sunday
20230712,2023-07-12,2023,3,7,July,28,12,4,Wednesday
20200711,2020-07-11,2020,3,7,July,28,11,7,Saturday
20201222,2020-12-22,2020,4,12,December,52,22,3,Tuesday
20210331,2021-03-31,2021,1,3,March,13,31,4,Wednesday
20211019,2021-10-19,2021,4,10,October,42,19,3,Tuesday
20210406,2021-04-06,2021,2,4,April,14,6,3,Tuesday
20230514,2023-05-14,2023,2,5,May,19,14,1,Sunday
20230420,2023-04-20,2023,2,4,April,16,20,5,Thursday
20211106,2021-11-06,2021,4,11,November,44,6,7,Saturday
20210203,2021-02-03,2021,1,2,February,5,3,4,Wednesday
20220627,2022-06-27,2022,2,6,June,26,27,2,Monday
20210401,2021-04-01,2021,2,4,April,13,1,5,Thursday
20220818,2022-08-18,2022,3,8,August,33,18,5,Thursday
20220218,2022-02-18,2022,1,2,February,7,18,6,Friday
20210617,2021-06-17,2021,2,6,June,24,17,5,Thursday
20221102,2022-11-02,2022,4,11,November,44,2,4,Wednesday
20201218,2020-12-18,2020,4,12,December,51,18,6,Friday
20220905,2022-09-05,2022,3,9,September,36,5,2,Monday
20220518,2022-05-18,2022,2,5,May,20,18,4,Wednesday
20210817,2021-08-17,2021,3,8,August,33,17,3,Tuesday
20230208,2023-02-08,2023,1,2,February,6,8,4,Wednesday
20200527,2020-05-27,2020,2,5,May,22,27,4,Wednesday
20200510,2020-05-10,2020,2,5,May,19,10,1,Sunday
20230417,2023-04-17,2023,2,4,April,16,17,2,Monday
20230509,2023-05-09,2023,2,5,May,19,9,3,Tuesday
20220106,2022-01-06,2022,1,1,January,1,6,5,Thursday
20210201,2021-02-01,2021,1,2,February,5,1,2,Monday
20210218,2021-02-18,2021,1,2,February,7,18,5,Thursday
20200508,2020-05-08,2020,2,5,May,19,8,6,Friday
20200619,2020-06-19,2020,2,6,June,25,19,6,Friday
20230826,2023-08-26,2023,3,8,August,34,26,7,Saturday
20211105,2021-11-05,2021,4,11,November,44,5,6,Friday
20200924,2020-09-24,2020,3,9,September,39,24,5,Thursday
20200802,2020-08-02,2020,3,8,August,31,2,1,Sunday
20230925,2023-09-25,2023,3,9,September,39,25,2,Monday
20210213,2021-02-13,2021,1,2,February,6,13,7,Saturday
20200407,2020-04-07,2020,2,4,April,15,7,3,Tuesday
20200528,2020-05-28,2020,2,5,May,22,28,5,Thursday
20220920,2022-09-20,2022,3,9,September,38,20,3,Tuesday
20200116,2020-01-16,2020,1,1,January,3,16,5,Thursday
20210509,2021-05-09,2021,2,5,May,18,9,1,Sunday
20231014,2023-10-14,2023,4,10,October,41,14,7,Saturday
20210304,2021-03-04,2021,1,3,March,9,4,5,Thursday
20231017,2023-10-17,2023,4,10,October,42,17,3,Tuesday
20230620,2023-06-20,2023,2,6,June,25,20,3,Tuesday
20211225,2021-12-25,2021,4,12,December,51,25,7,Saturday
20230908,2023-09-08,2023,3,9,September,36,8,6,Friday
20221223,2022-12-23,2022,4,12,December,51,23,6,Friday
20210416,2021-04-16,2021,2,4,April,15,16,6,Friday
20200721,2020-07-21,2020,3,7,July,30,21,3,Tuesday
20220429,2022-04-29,2022,2,4,April,17,29,6,Friday
20210807,2021-08-07,2021,3,8,August,31,7,7,Saturday
20200628,2020-06-28,2020,2,6,June,26,28,1,Sunday
20210316,2021-03-16,2021,1,3,March,11,16,3,Tuesday
20230305,2023-03-05,2023,1,3,March,9,5,1,Sunday
20200208,2020-02-08,2020,1,2,February,6,8,7,Saturday
20220722,2022-07-22,2022,3,7,July,29,22,6,Friday
20230228,2023-02-28,2023,1,2,February,9,28,3,Tuesday
20230515,2023-05-15,2023,2,5,May,20,15,2,Monday
20231112,2023-11-12,2023,4,11,November,45,12,1,Sunday
20220102,2022-01-02,2022,1,1,January,52,2,1,Sunday
20230704,2023-07-04,2023,3,7,July,27,4,3,Tuesday
20230825,2023-08-25,2023,3,8,August,34,25,6,Friday
20220911,2022-09-11,2022,3,9,September,36,11,1,Sunday
20231214,2023-12-14,2023,4,12,December,50,14,5,Thursday
20220112,2022-01-12,2022,1,1,January,2,12,4,Wednesday
20230513,2023-05-13,2023,2,5,May,19,13,7,Saturday
20231216,2023-12-16,2023,4,12,December,50,16,7,Saturday
20221120,2022-11-20,2022,4,11,November,46,20,1,Sunday
20220313,2022-03-13,2022,1,3,March,10,13,1,Sunday
20220626,2022-06-26,2022,2,6,June,25,26,1,Sunday
20230910,2023-09-10,2023,3,9,September,36,10,1,Sunday
20221121,2022-11-21,2022,4,11,November,47,21,2,Monday
20230701,2023-07-01,2023,3,7,July,26,1,7,Saturday
20230605,2023-06-05,2023,2,6,June,23,5,2,Monday
20231203,2023-12-03,2023,4,12,December,48,3,1,Sunday
20220223,2022-02-23,2022,1,2,February,8,23,4,Wednesday
20221103,2022-11-03,2022,4,11,November,44,3,5,Thursday
20220217,2022-02-17,2022,1,2,February,7,17,5,Thursday
20221029,2022-10-29,2022,4,10,October,43,29,7,Saturday
20210801,2021-08-01,2021,3,8,August,30,1,1,Sunday
20200919,2020-09-19,2020,3,9,September,38,19,7,Saturday
20200304,2020-03-04,2020,1,3,March,10,4,4,Wednesday
20200812,2020-08-12,2020,3,8,August,33,12,4,Wednesday
20200522,2020-05-22,2020,2,5,May,21,22,6,Friday
20231124,2023-11-24,2023,4,11,November,47,24,6,Friday
20210722,2021-07-22,2021,3,7,July,29,22,5,Thursday
20200514,2020-05-14,2020,2,5,May,20,14,5,Thursday
20210925,2021-09-25,2021,3,9,September,38,25,7,Saturday
20200831,2020-08-31,2020,3,8,August,36,31,2,Monday
20230705,2023-07-05,2023,3,7,July,27,5,4,Wednesday
20210908,2021-09-08,2021,3,9,September,36,8,4,Wednesday
20230425,2023-04-25,2023,2,4,April,17,25,3,Tuesday
20230602,2023-06-02,2023,2,6,June,22,2,6,Friday
20200111,2020-01-11,2020,1,1,January,2,11,7,Saturday
20230210,2023-02-10,2023,1,2,February,6,10,6,Friday
20201031,2020-10-31,2020,4,10,October,44,31,7,Saturday
20220623,2022-06-23,2022,2,6,June,25,23,5,Thursday
20220928,2022-09-28,2022,3,9,September,39,28,4,Wednesday
20220621,2022-06-21,2022,2,6,June,25,21,3,Tuesday
20220330,2022-03-30,2022,1,3,March,13,30,4,Wednesday
20201221,2020-12-21,2020,4,12,December,52,21,2,Monday
20230315,2023-03-15,2023,1,3,March,11,15,4,Wednesday
20200816,2020-08-16,2020,3,8,August,33,16,1,Sunday
20200806,2020-08-06,2020,3,8,August,32,6,5,Thursday
20220910,2022-09-10,2022,3,9,September,36,10,7,Saturday
20230126,2023-01-26,2023,1,1,January,4,26,5,Thursday
20221101,2022-11-01,2022,4,11,November,44,1,3,Tuesday
20210329,2021-03-29,2021,1,3,March,13,29,2,Monday
20210626,2021-06-26,2021,2,6,June,25,26,7,Saturday
20231005,2023-10-05,2023,4,10,October,40,5,5,Thursday
20220602,2022-06-02,2022,2,6,June,22,2,5,Thursday
20210425,2021-04-25,2021,2,4,April,16,25,1,Sunday
20200323,2020-03-23,2020,1,3,March,13,23,2,Monday
20210902,2021-09-02,2021,3,9,September,35,2,5,Thursday
20221125,2022-11-25,2022,4,11,November,47,25,6,Friday
20200424,2020-04-24,2020,2,4,April,17,24,6,Friday
20220409,2022-04-09,2022,2,4,April,14,9,7,Saturday
20200213,2020-02-13,2020,1,2,February,7,13,5,Thursday
20230528,2023-05-28,2023,2,5,May,21,28,1,Sunday
20231102,2023-11-02,2023,4,11,November,44,2,5,Thursday
20200402,2020-04-02,2020,2,4,April,14,2,5,Thursday
20221016,2022-10-16,2022,4,10,October,41,16,1,Sunday
20210421,2021-04-21,2021,2,4,April,16,21,4,Wednesday
20220721,2022-07-21,2022,3,7,July,29,21,5,Thursday
20200914,2020-09-14,2020,3,9,September,38,14,2,Monday
20201201,2020-12-01,2020,4,12,December,49,1,3,Tuesday
20231025,2023-10-25,2023,4,10,October,43,25,4,Wednesday
20221007,2022-10-07,2022,4,10,October,40,7,6,Friday
20230904,2023-09-04,2023,3,9,September,36,4,2,Monday
20220503,2022-05-03,2022,2,5,May,18,3,3,Tuesday
20230816,2023-08-16,2023,3,8,August,33,16,4,Wednesday
20230830,2023-08-30,2023,3,8,August,35,30,4,Wednesday
20230103,2023-01-03,2023,1,1,January,1,3,3,Tuesday
20231020,2023-10-20,2023,4,10,October,42,20,6,Friday
20220530,2022-05-30,2022,2,5,May,22,30,2,Monday
20230724,2023-07-24,2023,3,7,July,30,24,2,Monday
20221205,2022-12-05,2022,4,12,December,49,5,2,Monday
20230130,2023-01-30,2023,1,1,January,5,30,2,Monday
20231129,2023-11-29,2023,4,11,November,48,29,4,Wednesday
20220804,2022-08-04,2022,3,8,August,31,4,5,Thursday
20200715,2020-07-15,2020,3,7,July,29,15,4,Wednesday
20221027,2022-10-27,2022,4,10,October,43,27,5,Thursday
20201011,2020-10-11,2020,4,10,October,41,11,1,Sunday
20200308,2020-03-08,2020,1,3,March,10,8,1,Sunday
20200415,2020-04-15,2020,2,4,April,16,15,4,Wednesday
20201028,2020-10-28,2020,4,10,October,44,28,4,Wednesday
20230708,2023-07-08,2023,3,7,July,27,8,7,Saturday
20220210,2022-02-10,2022,1,2,February,6,10,5,Thursday
20200820,2020-08-20,2020,3,8,August,34,20,5,Thursday
20230720,2023-07-20,2023,3,7,July,29,20,5,Thursday
20201016,2020-10-16,2020,4,10,October,42,16,6,Friday
20210227,2021-02-27,2021,1,2,February,8,27,7,Saturday
20220315,2022-03-15,2022,1,3,March,11,15,3,Tuesday
20231208,2023-12-08,2023,4,12,December,49,8,6,Friday
20230911,2023-09-11,2023,3,9,September,37,11,2,Monday
20230206,2023-02-06,2023,1,2,February,6,6,2,Monday
20230527,2023-05-27,2023,2,5,May,21,27,7,Saturday
20220502,2022-05-02,2022,2,5,May,18,2,2,Monday
20231002,2023-10-02,2023,4,10,October,40,2,2,Monday
20230408,2023-04-08,2023,2,4,April,14,8,7,Saturday
20220517,2022-05-17,2022,2,5,May,20,17,3,Tuesday
20211117,2021-11-17,2021,4,11,November,46,17,4,Wednesday
20230822,2023-08-22,2023,3,8,August,34,22,3,Tuesday
20200114,2020-01-14,2020,1,1,January,3,14,3,Tuesday
20211013,2021-10-13,2021,4,10,October,41,13,4,Wednesday
20210608,2021-06-08,2021,2,6,June,23,8,3,Tuesday
20211210,2021-12-10,2021,4,12,December,49,10,6,Friday
20220226,2022-02-26,2022,1,2,February,8,26,7,Saturday
20230718,2023-07-18,2023,3,7,July,29,18,3,Tuesday
20220403,2022-04-03,2022,2,4,April,13,3,1,Sunday
20220305,2022-03-05,2022,1,3,March,9,5,7,Saturday
20220829,2022-08-29,2022,3,8,August,35,29,2,Monday
20221209,2022-12-09,2022,4,12,December,49,9,6,Friday
20221117,2022-11-17,2022,4,11,November,46,17,5,Thursday
20230516,2023-05-16,2023,2,5,May,20,16,3,Tuesday
20230703,2023-07-03,2023,3,7,July,27,3,2,Monday
20220914,2022-09-14,2022,3,9,September,37,14,4,Wednesday
20230312,2023-03-12,2023,1,3,March,10,12,1,Sunday
20230906,2023-09-06,2023,3,9,September,36,6,4,Wednesday
20230401,2023-04-01,2023,2,4,April,13,1,7,Saturday
20220926,2022-09-26,2022,3,9,September,39,26,2,Monday
20210824,2021-08-24,2021,3,8,August,34,24,3,Tuesday
20220831,2022-08-31,2022,3,8,August,35,31,4,Wednesday
20230322,2023-03-22,2023,1,3,March,12,22,4,Wednesday
20221124,2022-11-24,2022,4,11,November,47,24,5,Thursday
20220228,2022-02-28,2022,1,2,February,9,28,2,Monday
20220803,2022-08-03,2022,3,8,August,31,3,4,Wednesday
20200826,2020-08-26,2020,3,8,August,35,26,4,Wednesday
20230814,2023-08-14,2023,3,8,August,33,14,2,Monday
20200102,2020-01-02,2020,1,1,January,1,2,5,Thursday
20231204,2023-12-04,2023,4,12,December,49,4,2,Monday
20200928,2020-09-28,2020,3,9,September,40,28,2,Monday
20220628,2022-06-28,2022,2,6,June,26,28,3,Tuesday
20220930,2022-09-30,2022,3,9,September,39,30,6,Friday
20210306,2021-03-06,2021,1,3,March,9,6,7,Saturday
20220924,2022-09-24,2022,3,9,September,38,24,7,Saturday
20221214,2022-12-14,2022,4,12,December,50,14,4,Wednesday
20211030,2021-10-30,2021,4,10,October,43,30,7,Saturday
20230122,2023-01-22,2023,1,1,January,3,22,1,Sunday
20230324,2023-03-24,2023,1,3,March,12,24,6,Friday
20201121,2020-11-21,2020,4,11,November,47,21,7,Saturday
20220323,2022-03-23,2022,1,3,March,12,23,4,Wednesday
20221206,2022-12-06,2022,4,12,December,49,6,3,Tuesday
20200201,2020-02-01,2020,1,2,February,5,1,7,Saturday
20201020,2020-10-20,2020,4,10,October,43,20,3,Tuesday
20210209,2021-02-09,2021,1,2,February,6,9,3,Tuesday
20201214,2020-12-14,2020,4,12,December,51,14,2,Monday
20220505,2022-05-05,2022,2,5,May,18,5,5,Thursday
20200319,2020-03-19,2020,1,3,March,12,19,5,Thursday
20210627,2021-06-27,2021,2,6,June,25,27,1,Sunday
20200124,2020-01-24,2020,1,1,January,4,24,6,Friday
20211203,2021-12-03,2021,4,12,December,48,3,6,Friday
20201111,2020-11-11,2020,4,11,November,46,11,4,Wednesday
20200617,2020-06-17,2020,2,6,June,25,17,4,Wednesday
20221218,2022-12-18,2022,4,12,December,50,18,1,Sunday
20200630,2020-06-30,2020,2,6,June,27,30,3,Tuesday
20200604,2020-06-04,2020,2,6,June,23,4,5,Thursday
20231109,2023-11-09,2023,4,11,November,45,9,5,Thursday
20230518,2023-05-18,2023,2,5,May,20,18,5,Thursday
20220310,2022-03-10,2022,1,3,March,10,10,5,Thursday
20230510,2023-05-10,2023,2,5,May,19,10,4,Wednesday
20200626,2020-06-26,2020,2,6,June,26,26,6,Friday
20200906,2020-09-06,2020,3,9,September,36,6,1,Sunday
20210916,2021-09-16,2021,3,9,September,37,16,5,Thursday
20231001,2023-10-01,2023,4,10,October,39,1,1,Sunday
20220221,2022-02-21,2022,1,2,February,8,21,2,Monday
20220109,2022-01-09,2022,1,1,January,1,9,1,Sunday
20220927,2022-09-27,2022,3,9,September,39,27,3,Tuesday
20230615,2023-06-15,2023,2,6,June,24,15,5,Thursday
20221030,2022-10-30,2022,4,10,October,43,30,1,Sunday
20230810,2023-08-10,2023,3,8,August,32,10,5,Thursday
20230608,2023-06-08,2023,2,6,June,23,8,5,Thursday
20220718,2022-07-18,2022,3,7,July,29,18,2,Monday
20221118,2022-11-18,2022,4,11,November,46,18,6,Friday
20230428,2023-04-28,2023,2,4,April,17,28,6,Friday
20220708,2022-07-08,2022,3,7,July,27,8,6,Friday
20230331,2023-03-31,2023,1,3,March,13,31,6,Friday
20210502,2021-05-02,2021,2,5,May,17,2,1,Sunday
20210122,2021-01-22,2021,1,1,January,3,22,6,Friday
20200727,2020-07-27,2020,3,7,July,31,27,2,Monday
20221019,2022-10-19,2022,4,10,October,42,19,4,Wednesday
20230707,2023-07-07,2023,3,7,July,27,7,6,Friday
20200726,2020-07-26,2020,3,7,July,30,26,1,Sunday
20230101,2023-01-01,2023,1,1,January,52,1,1,Sunday
20230713,2023-07-13,2023,3,7,July,28,13,5,Thursday
20210211,2021-02-11,2021,1,2,February,6,11,5,Thursday
20230813,2023-08-13,2023,3,8,August,32,13,1,Sunday
20201008,2020-10-08,2020,4,10,October,41,8,5,Thursday
20200827,2020-08-27,2020,3,8,August,35,27,5,Thursday
20231224,2023-12-24,2023,4,12,December,51,24,1,Sunday
20230729,2023-07-29,2023,3,7,July,30,29,7,Saturday
20201014,2020-10-14,2020,4,10,October,42,14,4,Wednesday
20220619,2022-06-19,2022,2,6,June,24,19,1,Sunday
20230413,2023-04-13,2023,2,4,April,15,13,5,Thursday
20230530,2023-05-30,2023,2,5,May,22,30,3,Tuesday
20230109,2023-01-09,2023,1,1,January,2,9,2,Monday
20200525,2020-05-25,2020,2,5,May,22,25,2,Monday
20221229,2022-12-29,2022,4,12,December,52,29,5,Thursday
20210222,2021-02-22,2021,1,2,February,8,22,2,Monday
20210818,2021-08-18,2021,3,8,August,33,18,4,Wednesday
20220903,2022-09-03,2022,3,9,September,35,3,7,Saturday
20221204,2022-12-04,2022,4,12,December,48,4,1,Sunday
20211227,2021-12-27,2021,4,12,December,52,27,2,Monday
20210630,2021-06-30,2021,2,6,June,26,30,4,Wednesday
20200623,2020-06-23,2020,2,6,June,26,23,3,Tuesday
20200824,2020-08-24,2020,3,8,August,35,24,2,Monday
20201217,2020-12-17,2020,4,12,December,51,17,5,Thursday
20200714,2020-07-14,2020,3,7,July,29,14,3,Tuesday
20221224,2022-12-24,2022,4,12,December,51,24,7,Saturday
20230307,2023-03-07,2023,1,3,March,10,7,3,Tuesday
20230223,2023-02-23,2023,1,2,February,8,23,5,Thursday
20220731,2022-07-31,2022,3,7,July,30,31,1,Sunday
20200225,2020-02-25,2020,1,2,February,9,25,3,Tuesday
20200127,2020-01-27,2020,1,1,January,5,27,2,Monday
20230226,2023-02-26,2023,1,2,February,8,26,1,Sunday
20210920,2021-09-20,2021,3,9,September,38,20,2,Monday
20220114,2022-01-14,2022,1,1,January,2,14,6,Friday
20220528,2022-05-28,2022,2,5,May,21,28,7,Saturday
20231101,2023-11-01,2023,4,11,November,44,1,4,Wednesday
20221211,2022-12-11,2022,4,12,December,49,11,1,Sunday
20230913,2023-09-13,2023,3,9,September,37,13,4,Wednesday
20230725,2023-07-25,2023,3,7,July,30,25,3,Tuesday
20221215,2022-12-15,2022,4,12,December,50,15,5,Thursday
20231018,2023-10-18,2023,4,10,October,42,18,4,Wednesday
20230427,2023-04-27,2023,2,4,April,17,27,5,Thursday
20230601,2023-06-01,2023,2,6,June,22,1,5,Thursday
20220426,2022-04-26,2022,2,4,April,17,26,3,Tuesday
20231221,2023-12-21,2023,4,12,December,51,21,5,Thursday
20220918,2022-09-18,2022,3,9,September,37,18,1,Sunday
20220421,2022-04-21,2022,2,4,April,16,21,5,Thursday
20221115,2022-11-15,2022,4,11,November,46,15,3,Tuesday
20230402,2023-04-02,2023,2,4,April,13,2,1,Sunday
20230124,2023-01-24,2023,1,1,January,4,24,3,Tuesday
20221203,2022-12-03,2022,4,12,December,48,3,7,Saturday
20230803,2023-08-03,2023,3,8,August,31,3,5,Thursday
20220506,2022-05-06,2022,2,5,May,18,6,6,Friday
20201030,2020-10-30,2020,4,10,October,44,30,6,Friday
20200310,2020-03-10,2020,1,3,March,11,10,3,Tuesday
20220826,2022-08-26,2022,3,8,August,34,26,6,Friday
20230201,2023-02-01,2023,1,2,February,5,1,4,Wednesday
20210524,2021-05-24,2021,2,5,May,21,24,2,Monday
20221225,2022-12-25,2022,4,12,December,51,25,1,Sunday
20211209,2021-12-09,2021,4,12,December,49,9,5,Thursday
20210609,2021-06-09,2021,2,6,June,23,9,4,Wednesday
20220612,2022-06-12,2022,2,6,June,23,12,1,Sunday
20200930,2020-09-30,2020,3,9,September,40,30,4,Wednesday
20230719,2023-07-19,2023,3,7,July,29,19,4,Wednesday
20200129,2020-01-29,2020,1,1,January,5,29,4,Wednesday
20230503,2023-05-03,2023,2,5,May,18,3,4,Wednesday
20211215,2021-12-15,2021,4,12,December,50,15,4,Wednesday
20230607,2023-06-07,2023,2,6,June,23,7,4,Wednesday
20200209,2020-02-09,2020,1,2,February,6,9,1,Sunday
20230917,2023-09-17,2023,3,9,September,37,17,1,Sunday
20210719,2021-07-19,2021,3,7,July,29,19,2,Monday
20201107,2020-11-07,2020,4,11,November,45,7,7,Saturday
20220204,2022-02-04,2022,1,2,February,5,4,6,Friday
20201122,2020-11-22,2020,4,11,November,47,22,1,Sunday
20231213,2023-12-13,2023,4,12,December,50,13,4,Wednesday
20230914,2023-09-14,2023,3,9,September,37,14,5,Thursday
20201005,2020-10-05,2020,4,10,October,41,5,2,Monday
20221026,2022-10-26,2022,4,10,October,43,26,4,Wednesday
20221111,2022-11-11,2022,4,11,November,45,11,6,Friday
20230317,2023-03-17,2023,1,3,March,11,17,6,Friday
20220322,2022-03-22,2022,1,3,March,12,22,3,Tuesday
20210125,2021-01-25,2021,1,1,January,4,25,2,Monday
20200112,2020-01-12,2020,1,1,January,2,12,1,Sunday
20230320,2023-03-20,2023,1,3,March,12,20,2,Monday
20210505,2021-05-05,2021,2,5,May,18,5,4,Wednesday
20200423,2020-04-23,2020,2,4,April,17,23,5,Thursday
20230525,2023-05-25,2023,2,5,May,21,25,5,Thursday
20231228,2023-12-28,2023,4,12,December,52,28,5,Thursday
20231006,2023-10-06,2023,4,10,October,40,6,6,Friday
20210816,2021-08-16,2021,3,8,August,33,16,2,Monday
20210106,2021-01-06,2021,1,1,January,1,6,4,Wednesday
20200704,2020-07-04,2020,3,7,July,27,4,7,Saturday
20210518,2021-05-18,2021,2,5,May,20,18,3,Tuesday
20220422,2022-04-22,2022,2,4,April,16,22,6,Friday
20201129,2020-11-29,2020,4,11,November,48,29,1,Sunday
20200202,2020-02-02,2020,1,2,February,5,2,1,Sunday
20201209,2020-12-09,2020,4,12,December,50,9,4,Wednesday
20230106,2023-01-06,2023,1,1,January,1,6,6,Friday
20220907,2022-09-07,2022,3,9,September,36,7,4,Wednesday
20230202,2023-02-02,2023,1,2,February,5,2,5,Thursday
20231123,2023-11-23,2023,4,11,November,47,23,5,Thursday
20230519,2023-05-19,2023,2,5,May,20,19,6,Friday
20211125,2021-11-25,2021,4,11,November,47,25,5,Thursday
20210605,2021-06-05,2021,2,6,June,22,5,7,Saturday
20221207,2022-12-07,2022,4,12,December,49,7,4,Wednesday
20220408,2022-04-08,2022,2,4,April,14,8,6,Friday
20220919,2022-09-19,2022,3,9,September,38,19,2,Monday
20230221,2023-02-21,2023,1,2,February,8,21,3,Tuesday
20221104,2022-11-04,2022,4,11,November,44,4,6,Friday
20230212,2023-02-12,2023,1,2,February,6,12,1,Sunday
20220123,2022-01-23,2022,1,1,January,3,23,1,Sunday
20220719,2022-07-19,2022,3,7,July,29,19,3,Tuesday
20230522,2023-05-22,2023,2,5,May,21,22,2,Monday
20220727,2022-07-27,2022,3,7,July,30,27,4,Wednesday
20220802,2022-08-02,2022,3,8,August,31,2,3,Tuesday
20231225,2023-12-25,2023,4,12,December,52,25,2,Monday
20230520,2023-05-20,2023,2,5,May,20,20,7,Saturday
20221014,2022-10-14,2022,4,10,October,41,14,6,Friday
20221212,2022-12-12,2022,4,12,December,50,12,2,Monday
20220723,2022-07-23,2022,3,7,July,29,23,7,Saturday
20230215,2023-02-15,2023,1,2,February,7,15,4,Wednesday
20230412,2023-04-12,2023,2,4,April,15,12,4,Wednesday
20230115,2023-01-15,2023,1,1,January,2,15,1,Sunday
20231105,2023-11-05,2023,4,11,November,44,5,1,Sunday
20230802,2023-08-02,2023,3,8,August,31,2,4,Wednesday
20211018,2021-10-18,2021,4,10,October,42,18,2,Monday
20201208,2020-12-08,2020,4,12,December,50,8,3,Tuesday
20221021,2022-10-21,2022,4,10,October,42,21,6,Friday
20230414,2023-04-14,2023,2,4,April,15,14,6,Friday
20220523,2022-05-23,2022,2,5,May,21,23,2,Monday
20220524,2022-05-24,2022,2,5,May,21,24,3,Tuesday
20210422,2021-04-22,2021,2,4,April,16,22,5,Thursday
20210612,2021-06-12,2021,2,6,June,23,12,7,Saturday
20230314,2023-03-14,2023,1,3,March,11,14,3,Tuesday
20210909,2021-09-09,2021,3,9,September,36,9,5,Thursday
20220816,2022-08-16,2022,3,8,August,33,16,3,Tuesday
20220519,2022-05-19,2022,2,5,May,20,19,5,Thursday
20220808,2022-08-08,2022,3,8,August,32,8,2,Monday
20210319,2021-03-19,2021,1,3,March,11,19,6,Friday
20231028,2023-10-28,2023,4,10,October,43,28,7,Saturday
20200217,2020-02-17,2020,1,2,February,8,17,2,Monday
20221127,2022-11-27,2022,4,11,November,47,27,1,Sunday
20211004,2021-10-04,2021,4,10,October,40,4,2,Monday
20221108,2022-11-08,2022,4,11,November,45,8,3,Tuesday
20220131,2022-01-31,2022,1,1,January,5,31,2,Monday
20230209,2023-02-09,2023,1,2,February,6,9,5,Thursday
20211015,2021-10-15,2021,4,10,October,41,15,6,Friday
20211005,2021-10-05,2021,4,10,October,40,5,3,Tuesday
20230225,2023-02-25,2023,1,2,February,8,25,7,Saturday
20231127,2023-11-27,2023,4,11,November,48,27,2,Monday
20230104,2023-01-04,2023,1,1,January,1,4,4,Wednesday
20210214,2021-02-14,2021,1,2,February,6,14,1,Sunday
20231022,2023-10-22,2023,4,10,October,42,22,1,Sunday
20230717,2023-07-17,2023,3,7,July,29,17,2,Monday
20221024,2022-10-24,2022,4,10,October,43,24,2,Monday
20210607,2021-06-07,2021,2,6,June,23,7,2,Monday
20230920,2023-09-20,2023,3,9,September,38,20,4,Wednesday
20220515,2022-05-15,2022,2,5,May,19,15,1,Sunday
20230919,2023-09-19,2023,3,9,September,38,19,3,Tuesday
20211231,2021-12-31,2021,4,12,December,52,31,6,Friday
20210310,2021-03-10,2021,1,3,March,10,10,4,Wednesday
20210830,2021-08-30,2021,3,8,August,35,30,2,Monday
20220701,2022-07-01,2022,3,7,July,26,1,6,Friday
20230930,2023-09-30,2023,3,9,September,39,30,7,Saturday
20221109,2022-11-09,2022,4,11,November,45,9,4,Wednesday
20220416,2022-04-16,2022,2,4,April,15,16,7,Saturday
20220121,2022-01-21,2022,1,1,January,3,21,6,Friday
20220126,2022-01-26,2022,1,1,January,4,26,4,Wednesday
20230308,2023-03-08,2023,1,3,March,10,8,4,Wednesday
20230804,2023-08-04,2023,3,8,August,31,4,6,Friday
20230823,2023-08-23,2023,3,8,August,34,23,4,Wednesday
20231222,2023-12-22,2023,4,12,December,51,22,6,Friday
20220201,2022-02-01,2022,1,2,February,5,1,3,Tuesday
20220110,2022-01-10,2022,1,1,January,2,10,2,Monday
20231007,2023-10-07,2023,4,10,October,40,7,7,Saturday
20231104,2023-11-04,2023,4,11,November,44,4,7,Saturday
20221009,2022-10-09,2022,4,10,October,40,9,1,Sunday
20220512,2022-05-12,2022,2,5,May,19,12,5,Thursday
20221128,2022-11-28,2022,4,11,November,48,28,2,Monday
20231122,2023-11-22,2023,4,11,November,47,22,4,Wednesday
20230404,2023-04-04,2023,2,4,April,14,4,3,Tuesday
20230727,2023-07-27,2023,3,7,July,30,27,5,Thursday
20221201,2022-12-01,2022,4,12,December,48,1,5,Thursday
20220909,2022-09-09,2022,3,9,September,36,9,6,Friday
20220717,2022-07-17,2022,3,7,July,28,17,1,Sunday
20210526,2021-05-26,2021,2,5,May,21,26,4,Wednesday
20230127,2023-01-27,2023,1,1,January,4,27,6,Friday
20220129,2022-01-29,2022,1,1,January,4,29,7,Saturday
20220412,2022-04-12,2022,2,4,April,15,12,3,Tuesday
20230220,2023-02-20,2023,1,2,February,8,20,2,Monday
20221105,2022-11-05,2022,4,11,November,44,5,7,Saturday
20210101,2021-01-01,2021,1,1,January,53,1,6,Friday
20210930,2021-09-30,2021,3,9,September,39,30,5,Thursday
20211130,2021-11-30,2021,4,11,November,48,30,3,Tuesday
20201206,2020-12-06,2020,4,12,December,49,6,1,Sunday
20200605,2020-06-05,2020,2,6,June,23,5,6,Friday
20210728,2021-07-28,2021,3,7,July,30,28,4,Wednesday
20230731,2023-07-31,2023,3,7,July,31,31,2,Monday
20210601,2021-06-01,2021,2,6,June,22,1,3,Tuesday
20220304,2022-03-04,2022,1,3,March,9,4,6,Friday
20210721,2021-07-21,2021,3,7,July,29,21,4,Wednesday
20200503,2020-05-03,2020,2,5,May,18,3,1,Sunday
20200601,2020-06-01,2020,2,6,June,23,1,2,Monday
20200404,2020-04-04,2020,2,4,April,14,4,7,Saturday
20210702,2021-07-02,2021,3,7,July,26,2,6,Friday
20230416,2023-04-16,2023,2,4,April,15,16,1,Sunday
20220618,2022-06-18,2022,2,6,June,24,18,7,Saturday
20220119,2022-01-19,2022,1,1,January,3,19,4,Wednesday
20211028,2021-10-28,2021,4,10,October,43,28,5,Thursday
20210327,2021-03-27,2021,1,3,March,12,27,7,Saturday
20200625,2020-06-25,2020,2,6,June,26,25,5,Thursday
20220601,2022-06-01,2022,2,6,June,22,1,4,Wednesday
20231031,2023-10-31,2023,4,10,October,44,31,3,Tuesday
20220901,2022-09-01,2022,3,9,September,35,1,5,Thursday
20211226,2021-12-26,2021,4,12,December,51,26,1,Sunday
20210311,2021-03-11,2021,1,3,March,10,11,5,Thursday
20200613,2020-06-13,2020,2,6,June,24,13,7,Saturday
20200103,2020-01-03,2020,1,1,January,1,3,6,Friday
20200223,2020-02-23,2020,1,2,February,8,23,1,Sunday
20231226,2023-12-26,2023,4,12,December,52,26,3,Tuesday
20201224,2020-12-24,2020,4,12,December,52,24,5,Thursday
20221217,2022-12-17,2022,4,12,December,50,17,7,Saturday
20230301,2023-03-01,2023,1,3,March,9,1,4,Wednesday
20221228,2022-12-28,2022,4,12,December,52,28,4,Wednesday
20220714,2022-07-14,2022,3,7,July,28,14,5,Thursday
20220922,2022-09-22,2022,3,9,September,38,22,5,Thursday
20220629,2022-06-29,2022,2,6,June,26,29,4,Wednesday
20230227,2023-02-27,2023,1,2,February,9,27,2,Monday
20231126,2023-11-26,2023,4,11,November,47,26,1,Sunday
20220617,2022-06-17,2022,2,6,June,24,17,6,Friday
20230922,2023-09-22,2023,3,9,September,38,22,6,Friday
20230125,2023-01-25,2023,1,1,January,4,25,4,Wednesday
20220317,2022-03-17,2022,1,3,March,11,17,5,Thursday
20230407,2023-04-07,2023,2,4,April,14,7,6,Friday
20220309,2022-03-09,2022,1,3,March,10,9,4,Wednesday
20220929,2022-09-29,2022,3,9,September,39,29,5,Thursday
20221005,2022-10-05,2022,4,10,October,40,5,4,Wednesday
20201007,2020-10-07,2020,4,10,October,41,7,4,Wednesday
20230621,2023-06-21,2023,2,6,June,25,21,4,Wednesday
20200314,2020-03-14,2020,1,3,March,11,14,7,Saturday
20220527,2022-05-27,2022,2,5,May,21,27,6,Friday
20220611,2022-06-11,2022,2,6,June,23,11,7,Saturday
20201027,2020-10-27,2020,4,10,October,44,27,3,Tuesday
20200302,2020-03-02,2020,1,3,March,10,2,2,Monday
20200904,2020-09-04,2020,3,9,September,36,4,6,Friday
20210813,2021-08-13,2021,3,8,August,32,13,6,Friday
20230303,2023-03-03,2023,1,3,March,9,3,6,Friday
20220921,2022-09-21,2022,3,9,September,38,21,4,Wednesday
20230325,2023-03-25,2023,1,3,March,12,25,7,Saturday
20200719,2020-07-19,2020,3,7,July,29,19,1,Sunday
20211208,2021-12-08,2021,4,12,December,49,8,4,Wednesday
20231116,2023-11-16,2023,4,11,November,46,16,5,Thursday
20210717,2021-07-17,2021,3,7,July,28,17,7,Saturday
20230710,2023-07-10,2023,3,7,July,28,10,2,Monday
20201226,2020-12-26,2020,4,12,December,52,26,7,Saturday
20210409,2021-04-09,2021,2,4,April,14,9,6,Friday
20220720,2022-07-20,2022,3,7,July,29,20,4,Wednesday
20231012,2023-10-12,2023,4,10,October,41,12,5,Thursday
20200307,2020-03-07,2020,1,3,March,10,7,7,Saturday
20211001,2021-10-01,2021,4,10,October,39,1,6,Friday
20211021,2021-10-21,2021,4,10,October,42,21,5,Thursday
20210115,2021-01-15,2021,1,1,January,2,15,6,Friday
20221216,2022-12-16,2022,4,12,December,50,16,6,Friday
20210820,2021-08-20,2021,3,8,August,33,20,6,Friday
20221213,2022-12-13,2022,4,12,December,50,13,3,Tuesday
20231121,2023-11-21,2023,4,11,November,47,21,3,Tuesday
20230107,2023-01-07,2023,1,1,January,1,7,7,Saturday
20211213,2021-12-13,2021,4,12,December,50,13,2,Monday
20230723,2023-07-23,2023,3,7,July,29,23,1,Sunday
20230623,2023-06-23,2023,2,6,June,25,23,6,Friday
20220316,2022-03-16,2022,1,3,March,11,16,4,Wednesday
20230817,2023-08-17,2023,3,8,August,33,17,5,Thursday
20220419,2022-04-19,2022,2,4,April,16,19,3,Tuesday
20200913,2020-09-13,2020,3,9,September,37,13,1,Sunday
20230902,2023-09-02,2023,3,9,September,35,2,7,Saturday
20211221,2021-12-21,2021,4,12,December,51,21,3,Tuesday
20221230,2022-12-30,2022,4,12,December,52,30,6,Friday
20210216,2021-02-16,2021,1,2,February,7,16,3,Tuesday
20220320,2022-03-20,2022,1,3,March,11,20,1,Sunday
20211027,2021-10-27,2021,4,10,October,43,27,4,Wednesday
20210804,2021-08-04,2021,3,8,August,31,4,4,Wednesday
20230630,2023-06-30,2023,2,6,June,26,30,6,Friday
20230128,2023-01-28,2023,1,1,January,4,28,7,Saturday
20231029,2023-10-29,2023,4,10,October,43,29,1,Sunday
20220713,2022-07-13,2022,3,7,July,28,13,4,Wednesday
20230403,2023-04-03,2023,2,4,April,14,3,2,Monday
20230523,2023-05-23,2023,2,5,May,21,23,3,Tuesday
20220107,2022-01-07,2022,1,1,January,1,7,6,Friday
20230531,2023-05-31,2023,2,5,May,22,31,4,Wednesday
20220108,2022-01-08,2022,1,1,January,1,8,7,Saturday
20230507,2023-05-07,2023,2,5,May,18,7,1,Sunday
20230521,2023-05-21,2023,2,5,May,20,21,1,Sunday
20220712,2022-07-12,2022,3,7,July,28,12,3,Tuesday
20230714,2023-07-14,2023,3,7,July,28,14,6,Friday
20220501,2022-05-01,2022,2,5,May,17,1,1,Sunday
20221008,2022-10-08,2022,4,10,October,40,8,7,Saturday
20230117,2023-01-17,2023,1,1,January,3,17,3,Tuesday
20220608,2022-06-08,2022,2,6,June,23,8,4,Wednesday
20231210,2023-12-10,2023,4,12,December,49,10,1,Sunday
20200821,2020-08-21,2020,3,8,August,34,21,6,Friday
20200316,2020-03-16,2020,1,3,March,12,16,2,Monday
20230824,2023-08-24,2023,3,8,August,34,24,5,Thursday
20200926,2020-09-26,2020,3,9,September,39,26,7,Saturday
20230114,2023-01-14,2023,1,1,January,2,14,7,Saturday
20231008,2023-10-08,2023,4,10,October,40,8,1,Sunday
20200915,2020-09-15,2020,3,9,September,38,15,3,Tuesday
20220202,2022-02-02,2022,1,2,February,5,2,4,Wednesday
20211016,2021-10-16,2021,4,10,October,41,16,7,Saturday
20230828,2023-08-28,2023,3,8,August,35,28,2,Monday
20200101,2020-01-01,2020,1,1,January,1,1,4,Wednesday
20221122,2022-11-22,2022,4,11,November,47,22,3,Tuesday
20221003,2022-10-03,2022,4,10,October,40,3,2,Monday
20231227,2023-12-27,2023,4,12,December,52,27,4,Wednesday
20200614,2020-06-14,2020,2,6,June,24,14,1,Sunday
20220801,2022-08-01,2022,3,8,August,31,1,2,Monday
20201227,2020-12-27,2020,4,12,December,52,27,1,Sunday
20231011,2023-10-11,2023,4,10,October,41,11,4,Wednesday
20200823,2020-08-23,2020,3,8,August,34,23,1,Sunday
20210414,2021-04-14,2021,2,4,April,15,14,4,Wednesday
20221023,2022-10-23,2022,4,10,October,42,23,1,Sunday
20220610,2022-06-10,2022,2,6,June,23,10,6,Friday
20210812,2021-08-12,2021,3,8,August,32,12,5,Thursday
20230222,2023-02-22,2023,1,2,February,8,22,4,Wednesday
20220113,2022-01-13,2022,1,1,January,2,13,5,Thursday
20211206,2021-12-06,2021,4,12,December,49,6,2,Monday
20220707,2022-07-07,2022,3,7,July,27,7,5,Thursday
20231016,2023-10-16,2023,4,10,October,42,16,2,Monday
20200215,2020-02-15,2020,1,2,February,7,15,7,Saturday
20230116,2023-01-16,2023,1,1,January,3,16,2,Monday
20230617,2023-06-17,2023,2,6,June,24,17,7,Saturday
20210723,2021-07-23,2021,3,7,July,29,23,6,Friday
20200417,2020-04-17,2020,2,4,April,16,17,6,Friday
20210625,2021-06-25,2021,2,6,June,25,25,6,Friday
20200204,2020-02-04,2020,1,2,February,6,4,3,Tuesday
20231111,2023-11-11,2023,4,11,November,45,11,7,Saturday
20201114,2020-11-14,2020,4,11,November,46,14,7,Saturday
20231030,2023-10-30,2023,4,10,October,44,30,2,Monday
20230706,2023-07-06,2023,3,7,July,27,6,5,Thursday
20230131,2023-01-31,2023,1,1,January,5,31,3,Tuesday
20220613,2022-06-13,2022,2,6,June,24,13,2,Monday
20210604,2021-06-04,2021,2,6,June,22,4,6,Friday
20220923,2022-09-23,2022,3,9,September,38,23,6,Friday
20200426,2020-04-26,2020,2,4,April,17,26,1,Sunday
20220318,2022-03-18,2022,1,3,March,11,18,6,Friday
20200203,2020-02-03,2020,1,2,February,6,3,2,Monday
20220321,2022-03-21,2022,1,3,March,12,21,2,Monday
20231027,2023-10-27,2023,4,10,October,43,27,6,Friday
20221107,2022-11-07,2022,4,11,November,45,7,2,Monday
20230627,2023-06-27,2023,2,6,June,26,27,3,Tuesday
20220614,2022-06-14,2022,2,6,June,24,14,3,Tuesday
20221020,2022-10-20,2022,4,10,October,42,20,5,Thursday
20230613,2023-06-13,2023,2,6,June,24,13,3,Tuesday
20221017,2022-10-17,2022,4,10,October,42,17,2,Monday
20220730,2022-07-30,2022,3,7,July,30,30,7,Saturday
20230207,2023-02-07,2023,1,2,February,6,7,3,Tuesday
20230614,2023-06-14,2023,2,6,June,24,14,4,Wednesday
20220417,2022-04-17,2022,2,4,April,15,17,1,Sunday
20220122,2022-01-22,2022,1,1,January,3,22,7,Saturday
20220414,2022-04-14,2022,2,4,April,15,14,5,Thursday
20220327,2022-03-27,2022,1,3,March,12,27,1,Sunday
20230728,2023-07-28,2023,3,7,July,30,28,6,Friday
20220823,2022-08-23,2022,3,8,August,34,23,3,Tuesday
20230411,2023-04-11,2023,2,4,April,15,11,3,Tuesday
20230121,2023-01-21,2023,1,1,January,3,21,7,Saturday
20210811,2021-08-11,2021,3,8,August,32,11,4,Wednesday
20220525,2022-05-25,2022,2,5,May,21,25,4,Wednesday
20220311,2022-03-11,2022,1,3,March,10,11,6,Friday
20220402,2022-04-02,2022,2,4,April,13,2,7,Saturday
20210215,2021-02-15,2021,1,2,February,7,15,2,Monday
20210130,2021-01-30,2021,1,1,January,4,30,7,Saturday
20211112,2021-11-12,2021,4,11,November,45,12,6,Friday
20201105,2020-11-05,2020,4,11,November,45,5,5,Thursday
20220710,2022-07-10,2022,3,7,July,27,10,1,Sunday
20210531,2021-05-31,2021,2,5,May,22,31,2,Monday
20200227,2020-02-27,2020,1,2,February,9,27,5,Thursday
20201015,2020-10-15,2020,4,10,October,42,15,5,Thursday
20220205,2022-02-05,2022,1,2,February,5,5,7,Saturday
20200214,2020-02-14,2020,1,2,February,7,14,6,Friday
20210126,2021-01-26,2021,1,1,January,4,26,3,Tuesday
20200428,2020-04-28,2020,2,4,April,18,28,3,Tuesday
20220716,2022-07-16,2022,3,7,July,28,16,7,Saturday
20210901,2021-09-01,2021,3,9,September,35,1,4,Wednesday
20220605,2022-06-05,2022,2,6,June,22,5,1,Sunday
20220424,2022-04-24,2022,2,4,April,16,24,1,Sunday
20211014,2021-10-14,2021,4,10,October,41,14,5,Thursday
20210320,2021-03-20,2021,1,3,March,11,20,7,Saturday
20201001,2020-10-01,2020,4,10,October,40,1,5,Thursday
20210307,2021-03-07,2021,1,3,March,9,7,1,Sunday
20230309,2023-03-09,2023,1,3,March,10,9,5,Thursday
20231003,2023-10-03,2023,4,10,October,40,3,3,Tuesday
20210508,2021-05-08,2021,2,5,May,18,8,7,Saturday
20200624,2020-06-24,2020,2,6,June,26,24,4,Wednesday
20200306,2020-03-06,2020,1,3,March,10,6,6,Friday
20200117,2020-01-17,2020,1,1,January,3,17,6,Friday
20221227,2022-12-27,2022,4,12,December,52,27,3,Tuesday
20200104,2020-01-04,2020,1,1,January,1,4,7,Saturday
20220118,2022-01-18,2022,1,1,January,3,18,3,Tuesday
20201002,2020-10-02,2020,4,10,October,40,2,6,Friday
20201006,2020-10-06,2020,4,10,October,41,6,3,Tuesday
20210826,2021-08-26,2021,3,8,August,34,26,5,Thursday
20210104,2021-01-04,2021,1,1,January,1,4,2,Monday
20220301,2022-03-01,2022,1,3,March,9,1,3,Tuesday
20220215,2022-02-15,2022,1,2,February,7,15,3,Tuesday
20200905,2020-09-05,2020,3,9,September,36,5,7,Saturday
20200729,2020-07-29,2020,3,7,July,31,29,4,Wednesday
20201113,2020-11-13,2020,4,11,November,46,13,6,Friday
20210217,2021-02-17,2021,1,2,February,7,17,4,Wednesday
20231110,2023-11-10,2023,4,11,November,45,10,6,Friday
20200813,2020-08-13,2020,3,8,August,33,13,5,Thursday
20220508,2022-05-08,2022,2,5,May,18,8,1,Sunday
20220111,2022-01-11,2022,1,1,January,2,11,3,Tuesday
20220326,2022-03-26,2022,1,3,March,12,26,7,Saturday
20220104,2022-01-04,2022,1,1,January,1,4,3,Tuesday
20230218,2023-02-18,2023,1,2,February,7,18,7,Saturday
20230119,2023-01-19,2023,1,1,January,3,19,5,Thursday
20230915,2023-09-15,2023,3,9,September,37,15,6,Friday
20220125,2022-01-25,2022,1,1,January,4,25,3,Tuesday
20220812,2022-08-12,2022,3,8,August,32,12,6,Friday
20230726,2023-07-26,2023,3,7,July,30,26,4,Wednesday
20220124,2022-01-24,2022,1,1,January,4,24,2,Monday
20230909,2023-09-09,2023,3,9,September,36,9,7,Saturday
20220514,2022-05-14,2022,2,5,May,19,14,7,Saturday
20220704,2022-07-04,2022,3,7,July,27,4,2,Monday
20220908,2022-09-08,2022,3,9,September,36,8,5,Thursday
20220312,2022-03-12,2022,1,3,March,10,12,7,Saturday
20220821,2022-08-21,2022,3,8,August,33,21,1,Sunday
20231010,2023-10-10,2023,4,10,October,41,10,3,Tuesday
20230405,2023-04-05,2023,2,4,April,14,5,4,Wednesday
20221113,2022-11-13,2022,4,11,November,45,13,1,Sunday
20220220,2022-02-20,2022,1,2,February,7,20,1,Sunday
20230302,2023-03-02,2023,1,3,March,9,2,5,Thursday
20230619,2023-06-19,2023,2,6,June,25,19,2,Monday
20220410,2022-04-10,2022,2,4,April,14,10,1,Sunday
20230313,2023-03-13,2023,1,3,March,11,13,2,Monday
20220406,2022-04-06,2022,2,4,April,14,6,4,Wednesday
20200518,2020-05-18,2020,2,5,May,21,18,2,Monday
20200720,2020-07-20,2020,3,7,July,30,20,2,Monday
20210121,2021-01-21,2021,1,1,January,3,21,5,Thursday
20201228,2020-12-28,2020,4,12,December,53,28,2,Monday
20211108,2021-11-08,2021,4,11,November,45,8,2,Monday
20210430,2021-04-30,2021,2,4,April,17,30,6,Friday
20200122,2020-01-22,2020,1,1,January,4,22,4,Wednesday
20210525,2021-05-25,2021,2,5,May,21,25,3,Tuesday
20220116,2022-01-16,2022,1,1,January,2,16,1,Sunday
20231119,2023-11-19,2023,4,11,November,46,19,1,Sunday
20200524,2020-05-24,2020,2,5,May,21,24,1,Sunday
20210309,2021-03-09,2021,1,3,March,10,9,3,Tuesday
20230808,2023-08-08,2023,3,8,August,32,8,3,Tuesday
20200819,2020-08-19,2020,3,8,August,34,19,4,Wednesday
20221202,2022-12-02,2022,4,12,December,48,2,6,Friday
20230129,2023-01-29,2023,1,1,January,4,29,1,Sunday
20220428,2022-04-28,2022,2,4,April,17,28,5,Thursday
20200607,2020-06-07,2020,2,6,June,23,7,1,Sunday
20210905,2021-09-05,2021,3,9,September,35,5,1,Sunday
20220509,2022-05-09,2022,2,5,May,19,9,2,Monday
20210109,2021-01-09,2021,1,1,January,1,9,7,Saturday
20230205,2023-02-05,2023,1,2,February,5,5,1,Sunday
20210903,2021-09-03,2021,3,9,September,35,3,6,Friday
20230111,2023-01-11,2023,1,1,January,2,11,4,Wednesday
20210606,2021-06-06,2021,2,6,June,22,6,1,Sunday
20200411,2020-04-11,2020,2,4,April,15,11,7,Saturday
20230927,2023-09-27,2023,3,9,September,39,27,4,Wednesday
20230329,2023-03-29,2023,1,3,March,13,29,4,Wednesday
20230616,2023-06-16,2023,2,6,June,24,16,6,Friday
20210917,2021-09-17,2021,3,9,September,37,17,6,Friday
20200119,2020-01-19,2020,1,1,January,3,19,1,Sunday
20230918,2023-09-18,2023,3,9,September,38,18,2,Monday
20220206,2022-02-06,2022,1,2,February,5,6,1,Sunday
20221013,2022-10-13,2022,4,10,October,41,13,5,Thursday
20210412,2021-04-12,2021,2,4,April,15,12,2,Monday
20200222,2020-02-22,2020,1,2,February,8,22,7,Saturday
20220604,2022-06-04,2022,2,6,June,22,4,7,Saturday
20231125,2023-11-25,2023,4,11,November,47,25,7,Saturday
20220805,2022-08-05,2022,3,8,August,31,5,6,Friday
20221022,2022-10-22,2022,4,10,October,42,22,7,Saturday
20230923,2023-09-23,2023,3,9,September,38,23,7,Saturday
20220913,2022-09-13,2022,3,9,September,37,13,3,Tuesday
20231230,2023-12-30,2023,4,12,December,52,30,7,Saturday
20231115,2023-11-15,2023,4,11,November,46,15,4,Wednesday
20221210,2022-12-10,2022,4,12,December,49,10,7,Saturday
20220825,2022-08-25,2022,3,8,August,34,25,5,Thursday
20230323,2023-03-23,2023,1,3,March,12,23,5,Thursday
20220620,2022-06-20,2022,2,6,June,25,20,2,Monday
20220115,2022-01-15,2022,1,1,January,2,15,7,Saturday
20231215,2023-12-15,2023,4,12,December,50,15,6,Friday
20230213,2023-02-13,2023,1,2,February,7,13,2,Monday
20230921,2023-09-21,2023,3,9,September,38,21,5,Thursday
20230829,2023-08-29,2023,3,8,August,35,29,3,Tuesday